Informations manifeste ou PDF,Source,type,Titre,fondation,mort,pays,"ville, pays",ville,région,animateurs,,,,,
,,,Vijenac,1869,1903,Croatia,"Zagreb, Croatia",Zagreb,Central Europe,,,,http://en.wikipedia.org/wiki/Vijenac,,
1869-1872,https://gallica.bnf.fr/ark:/12148/cb32832578f/date.r=,,Paris-Journal,1869,1882,France,"Paris, France",Paris ,Paris ,,,,,,
,,,The Aldine,1869,1879,USA,", USA",,United States,,,,,,
"Modernist magazines pas de manifeste/PDF
Internet archive PDF","https://modernistmagazines.org/american/st-nicholas/
https://archive.org/search.php?query=title%3A%28%22St+Nicholas%22%29&and%5B%5D=collection%3A%22magazineart%22&sort=-date",,St Nicholas,1873,1943,USA,"New York, USA",New York,United States,Mary Mapes Dodge,,,,,
,,,Boowkundig Weekblad,1881,1927,Netherlands,"Amsterdam, Netherlands",Amsterdam,Bel-NL-Suisse,,,,,,
,,,L'Avenç,1881,1900 ?,Spain,"Barcelona, Spain",Barcelona,Spain,,,,,,
,,,The Century Guild Hobby Horse,1884,1894,,,,,,,,,,
"https://gallica.bnf.fr/iiif/ark:/12148/bpt6k9115319/manifest.json 
https://gallica.bnf.fr/iiif/ark:/12148/bpt6k911532p/manifest.json 
https://gallica.bnf.fr/iiif/ark:/12148/bpt6k911534f/manifest.json 
https://gallica.bnf.fr/iiif/ark:/12148/bpt6k9115332/manifest.json
https://gallica.bnf.fr/iiif/ark:/12148/bpt6k911535t/manifest.json
https://gallica.bnf.fr/iiif/ark:/12148/bpt6k9115366/manifest.json",https://gallica.bnf.fr/ark:/12148/cb344285339/date.r=,,Le Japon artistique,1888,1891,France,"Paris, France",Paris,Paris,S. Bing,,306,,,
,https://gallica.bnf.fr/ark:/12148/cb38888015g/date.r=La%20plume,,La Plume,1889,1899 (numérisation BNF jusqu'en 1911),France,"Paris, France",Paris,Paris,,,,,,
,https://gallica.bnf.fr/ark:/12148/cb34427363f/date.r=Mercure%20de%20France,,Mercure de France,1890,,France,"Paris, France",Paris,Paris,,,,,,
,https://gallica.bnf.fr/ark:/12148/cb344304470/date.r=La%20Revue%20blanche,,La Revue blanche,1891,1892 (numérisation BNF jusqu'en 1903),France,"Paris, France",Paris,Paris,,,,,,
Voir numérisation Heidelberg,https://digi.ub.uni-heidelberg.de/diglit/yellow_book,,The Yellow Book,1894,1897,United Kingdom,"London, United Kingdom",Londres,GB/Irlande,,,,,,
,,,The Monthly Chapbook,1894,1898,USA,"Harvard, MA, USA","Harvard, Massachusetts",United States,,,,,,
,,,The Chameleon,1894,1894,,,,,,,,,,
1895-1900,https://bluemountain.princeton.edu/bluemtn/?a=cl&cl=CL1&sp=bmtnabe&e=-------en-20--1--txt-txIN-------,,Pan,1895,1915,Germany,"Berlin, Germany",Berlin,Germany,,,,,,
1896 -1897,http://modernistmagazines.com/magazine_viewer.php?gallery_id=76,,The Evergreen,1895,1897,United Kingdom,"Edinburgh, United Kingdom",Edinburgh,GB/Irlande,,,,,,
"Modernist magazines pas de manifeste/PDF
modjourn 1896","https://modernistmagazines.org/american/le-petit-journal-des-refusees/
https://modjourn.org/journal/petit-journal-des-refusees/",,Le Petit Journal des Refusees,1896,1896,USA,"San Francisco, CA, USA","San Francisco, California",United States,"James Marrion, 2nd; pseudonym for Gelett Burgess",1,,,,
,,,The Pageant,1896,1897,,,,,,,,,,
,,,The Savoy,1896,1896,,,,,,,,,,
"Bluemoutain (1896-1902)
Internet archive (1900, 1905-08)
Narodni Knihovna Ceské republiky (1900-1919/1920 accessible; 1921/1922-1947 non accessible au public)","https://bluemountain.princeton.edu/exist/apps/bluemountain/title.html?titleURN=bmtnaan 
https://archive.org/search.php?query=creator%3A%22Spolek+v%C3%BDtvarn%C3%BDch+um%C4%9Blc%C5%AF+M%C3%A1nes%22. 
http://kramerius5.nkp.cz/periodical/uuid:ae7b52cd-435d-11dd-b505-00145e5790ea",,Volné Směry,1897,1949,Czech Republic,"Prague, Czech Republic",Prague,Central Europe,,,,,,
1897 -1898,https://modjourn.org/journal/dome/,,The Dome,1897,1900,United Kingdom,"London, United Kingdom",London,GB/Irlande,,,,,,
Arca (1898- 1900),https://arca.bnc.cat/arcabib_pro/ca/publicaciones/numeros_por_mes.do?idPublicacion=543,,Catalonia,1898,1900,Spain,"Barcelone, Spain",Barcelona,Spain,Jaume Masso i Torrents et J. Casas-Carbo,,,,,
,https://arca.bnc.cat/arcabib_pro/ca/publicaciones/numeros_por_mes.do?idPublicacion=264,,Pèl & Ploma,1899,1903,Spain,"Barcelone, Spain",Barcelona,Spain,Miquel Utrillo et Ramon Casas,100,,,,
,,,Beltaine,1899,1900,,,,,,,,,,
https://arca.bnc.cat/arcabib_pro/ca/consulta/exportar_registro.do?tipoRegistros=BIB&id=2061&formato=ficha&destino=..%2Fconsulta%2Fbusqueda_referencia.do%3FidValor%3D621%26id%3D9764%26forma%3Dficha%26posicion%3D1&exportar=Exportar,https://arca.bnc.cat/arcabib_pro/ca/consulta/registro.do?id=2061 ,,Juventut,1900,1906,Spain,"Barcelone, Spain",Barcelona,Spain,Alexandre de Riquer,,,,,
modjourn 1910 — 1922,"https://modjourn.org/journal/smart-set/
https://archive.org/details/smartset1619newl/mode/2up (1 seul vol.)",,The Smart Set,1900,1929,USA,"New York, USA",New York,United States,,,,,,
"1906, n°6",http://modernistmagazines.com/magazine_viewer.php?gallery_id=179,,Samhain,1901,1908,Ireland,"Dublin, Ireland",Dublin,GB/Irlande,,,,,,
,,,Artnews,1902,,USA,"New York, USA",New York,United States,,,,,,
est-ce la bonne revue ? 1914,https://gallica.bnf.fr/ark:/12148/cb32811566s/date.r=,,Les Marges,1903,1937,France,"Paris, France",Paris ,Paris ,,,,,,
"Modernist magazines pas de manifeste/PDF
modjourn  1903-1917","https://modernistmagazines.org/american/camera-work/
https://modjourn.org/journal/camera-work/",,Camera Work,1903,1917,USA,"New York, USA",New York,United States,Edward Steichen,,,,,
Modernist magazines pas de manifeste/PDF,https://modernistmagazines.org/british/dana/,,Dana,1904,1905,Ireland,"Dublin, Ireland",Dublin,GB/Irlande,John Eglinton,12,,,,
,https://modjourn.org/journal/dana/,,Dana,1904,1905,Ireland,"Dublin, Ireland",Dublin,GB/Irlande,,,,,,
est-ce la bonne revue ? 1905,https://gallica.bnf.fr/ark:/12148/cb32702479q/date.r=#resultat-id-1,,L'Art décoratif,1905,1905,France,"Paris, France",Paris ,Paris ,,,,,,
,https://bluemountain.princeton.edu/exist/apps/bluemountain/title.html?titleURN=bmtnaai,,Poesia [full text],1905,1909,Italy,"Milan, Italy",Milan,Italy,,,,,,
,,,Fulles d'art,1905,,Spain,"Barcelona, Spain",Barcelona,Spain,Antoni Fonts,2,,,,
,https://arca.bnc.cat/arcabib_pro/ca/publicaciones/numeros_por_mes.do?idPublicacion=441,,Occitània,1905,,Spain,"Barcelona, Spain",Barcelona,Spain,Josep Maria Sucre,,,,,
,,,The Acorn,1905,1906,,,,,,,,,,
"Modernist magazines pas de manifeste/PDF
modjoun 1911","https://modernistmagazines.org/american/mother-earth/
https://modjourn.org/journal/mother-earth/",,Mother Earth,1906,1917,USA,"New York, USA",New York,United States,Emma Goldman,,,,,
,,,The Arrow,1906,1909,,,,,,,,,,
,,,Empori,1907,1908,Spain,"Barcelona, Spain",Barcelona,Spain,Francesc de P. Maspons et Josep Carner,18,,,,
,https://arca.bnc.cat/arcabib_pro/ca/publicaciones/numeros_por_mes.do?idPublicacion=213,,Futurisme,1907,,Spain,"Barcelona, Spain",Barcelona,Spain,Gabriel Alomar et Angel Guimera; repris en 1909 par Marinetti,3,,,,
1907-1928,https://modjourn.org/journal/new-age/,,The New Age,1907,1922,United Kingdom,"London, United Kingdom",London,GB/Irlande,,,,,,
full text,http://epa.oszk.hu/00000/00022/index.html,,Nyugat,1908,1927,Hungary,"Budapest, Hungary",Budapest,,"Ignotus, M. Fenyö, E. Osvát",,,,,
"Modernist magazines pas de manifeste/PDF
Blue Mountain 1908-1929","https://modernistmagazines.org/european/the-mask/
https://bluemountain.princeton.edu/exist/apps/bluemountain/title.html?titleURN=bmtnaau",,The Mask,1908,1922,Italy,"Florence, Italy",Florence,Italie,"Edward Gordon Craig, under the pseudonym John Semar",,,,,
Arca (1908-1923),https://arca.bnc.cat/arcabib_pro/ca/publicaciones/numeros_por_mes.do?idPublicacion=594,,Papitu,1908,,Spain,"Barcelona, Spain",Barcelona,Spain,Feliu Elias,,,,,
"Modernist magazines pas de manifeste/PDF 
Modjourn 1908 — 1910","https://modernistmagazines.org/british/the-english-review/
https://modjourn.org/journal/english-review/",,The English Review,1908,1937,United Kingdom,"London, United Kingdom",London,GB/Irlande,Ford Madox Ford,,,,,
,https://arca.bnc.cat/arcabib_pro/ca/publicaciones/numeros_por_mes.do?idPublicacion=143,,Arte Joven,1909,1909,Spain,"Barcelona, Spain",Barcelona,Spain,Francisco de Asis Soler,,,,,
,https://bluemountain.princeton.edu/exist/apps/bluemountain/title.html?titleURN=bmtnabg,,Der Sturm,1910,1932,Germany,"Berlin, Germany",Berlin,Germany,Herwarth Walden,32,,,,
"1911, n° VII",http://modernistmagazines.com/magazine_viewer.php?gallery_id=113,,The Open Window,1910,1911,United Kingdom,"London, United Kingdom",London,GB/Irlande,,,,,,
"Modernist magazines pas de manifeste/PDF
modjourn 1910-1922","https://modernistmagazines.org/american/the-crisis/
https://modjourn.org/journal/crisis/",,Crisis,1910,1934,USA,"New York, USA",New York,United States,W. E. B. Du Bois (Nov. 1910 – July 1934),,,,,
,,,The Village Magazine,1910,1910,USA,"New York, USA",New York,United States,"1910, 1920, 1925",,,,,
numérisation 1911-1913,https://digitalcollections.nypl.org/collections/umeleck-mescnk?&keywords=&sort=keyDate_st+desc#/?tab=about&roots=a0486360-c5ed-012f-a55a-58d385a7bc34,,Umělecý Měsíčník,1911,1914,Czech Republic,"Prague, Czech Republic",Prague,Central Europe,"E. Filla, F. Kysela, V. štech, V. štepán",,,,,
,,,Die Aktion,1911,1932,Germany,"Berlin, Germany",Berlin,Germany,Franz Pfemfert,??,,,,
"Modernist magazines pas de manifeste/PDF 
modjourn 1911-1913","https://modernistmagazines.org/british/rhythm/
https://modjourn.org/journal/rhythm/",,Rhythm,1911,1913,United Kingdom,"London, United Kingdom",London,GB/Irlande,John Middleton Murry,,,,,
1911-1912,https://modjourn.org/journal/freewoman/,,The Freewoman,1911,1912,United Kingdom,"London, United Kingdom",London,GB/Irlande,,,,,,
,,théâtre,Drama,1911,1931,USA,"New York, USA",New York,United States,,,,,,
"Modernist magazines pas de manifeste/PDF
modjourn 1911-1917
Internet Archive PDF","https://modernistmagazines.org/american/the-masses/
https://modjourn.org/journal/masses/
https://archive.org/search.php?query=title%3A%28%22The+Masses%22%29&and%5B%5D=subject%3A%22The+Masses%22&sort=-date",,The Masses,1911,1917,USA,"New York, USA",New York,United States,Thomas Seltzer,,,,,
,,,The Trend,1911,1915,USA,"New York, USA",New York,United States,Pitts Sanborn,,,,,"Jean-Louis Cohen, « Avant-gardes et revues d’architecture en Russie, 1917-1941 », Revue de l’art, n°89, 1990, pp. 29-38"
,https://gallica.bnf.fr/ark:/12148/cb32870652c/date.r=Les%20Soir%C3%A9es%20de%20Paris,,Les Soirées de Paris,1912,1914,France,"Paris, France",Paris,Paris,Apollinaire,27,,,,
https://gallica.bnf.fr/iiif/ark:/12148/btv1b86263690/manifest.json,https://catalogue.bnf.fr/ark:/12148/cb34358136p,,Maintenant [full text],1912,1915,France,"Paris, France",Paris,Paris,Arthur Cravan,5,,,,
,,,Correo de las Letras y de las Artes,1912,,Spain,"Barcelona, Spain",Barcelona,Spain,Josep Maria Junoy,,supplément littéraire hebdo du quotidien La Publicidad,,,
"1912, n° II",http://modernistmagazines.com/magazine_viewer.php?gallery_id=163,,The Poetry Review,1912,1915,United Kingdom,"London, United Kingdom",London,GB/Irlande,,,,,,
"Modernist magazines pas de manifeste/PDF
modjourn 1912-1922","https://modernistmagazines.org/american/poetry/
https://modjourn.org/journal/poetry/",,Poetry,1912,1936,USA,"Chicago, IL, USA","Chicago, Illinois",United States,Harriet Monroe,1,,,,
,https://gallica.bnf.fr/ark:/12148/cb32819984r/date.r=Montjoie%20%21%20Organe%20de%20l%27imp%C3%A9rialsime%20artistique%20fran%C3%A7ais,,Montjoie ! Organe de l'impérialsime artistique français. Gazette bimensuelle illustrée sous la direction de Canudo,1913,1914,France,"Paris, France",Paris,Paris,Riciotto Canudo.,,,,,
,https://bluemountain.princeton.edu/bluemtn/?a=cl&cl=CL1&sp=bmtnabr&e=-------en-20--1--txt-txIN-------,,Die Weissen Blätter,1913,1920,Germany,"Leipzig, Germany",Leipzig,Germany,,,,,,
1913,https://digital.lib.uiowa.edu/islandora/object/ui:dada_30510,,Revolution,1913,1913,Germany,"Munich, Germany",Munich,Germany,,,,,,
,,,Wiecker Bote,1913,1914,Germany,", Germany",,Germany,,,,http://www.wiecker-bote.com/wiecker-bote/1913-1914/,,
"1913, n°1",http://modernistmagazines.com/magazine_viewer.php?gallery_id=296,,Poetry and Drama,1913,1914,United Kingdom,"London, United Kingdom",London,GB/Irlande,,,,,,
,https://modjourn.org/journal/blue-review/,,The Blue Review,1913,1913,United Kingdom,"London, United Kingdom",London,GB/Irlande,,,,,,
,https://modjourn.org/journal/new-freewoman/,,The New Freewoman,1913,1913,United Kingdom,"Oxford, United Kingdom",Oxford,GB/Irlande,,,,,,
"Modernist magazines pas de manifeste/PDF
Blue mountain 1913-1914
modjourn 1914","https://modernistmagazines.org/american/the-glebe/
https://bluemountain.princeton.edu/bluemtn/?a=cl&cl=CL1&sp=bmtnaat&e=-------en-20--1--txt-txIN-------
https://modjourn.org/journal/glebe/",,The Glebe,1913,1914,USA,"New York, USA",New York,United States,Alfred Kreymborg et Man Ray,10,,,,
,https://gallica.bnf.fr/ark:/12148/cb32820245z/date.r=,,Le Mot,1914,1915,France,"Paris, France",Paris,Paris,,,,,,
,,,Montparnasse. Bimensuel de littérature et d'art,1914,1930,France,"Paris, France",Paris,Paris,Paul Husson,62,3 numéros en 1914. puis reprise en 1921.,,,
Bluemountain PDF (quelques numéros 1915 et 1917),https://bluemountain.princeton.edu/bluemtn/?a=q&r=1&results=1&sf=byDA&e=-------en-20-bmtnabb-1--txt-txIN-Zeit%252DEcho------,,Zeit-Echo,1914,1917,Germany,"Munich, Germany",Munich,Germany,"Otto Haas-Heye (Year 1), Hans Siemsen (Year 2), Ludwig Rubiner (Year 3)",3,puis Berne,,,
,https://arca.bnc.cat/arcabib_pro/ca/publicaciones/numeros_por_mes.do?idPublicacion=436,,El Noucentista,1914,1914,Spain,"Barcelona, Spain",Barcelona,Spain,Ramon Miquel il Planas,1,,,,
,,,La Cantonada,1914,1914,Spain,"Barcelona, Spain",Barcelona,Spain,Santiago Segura (financeur),1,,,,
Arca (1914 -1917),https://arca.bnc.cat/arcabib_pro/ca/publicaciones/numeros_por_mes.do?idPublicacion=281,,Revista Nova,1914,1916,Spain,"Barcelona, Spain",Barcelona,Spain,"Santiago Segura (marchand, financeur), dir. artistique Francesc Pujols et Feliu Elias (ou Joan Sacs)",31 jusque 1914 + 15 en 1916,,,,
"Modernist magazines pas de manifeste/PDF
Modernist Journals Project 1914-1915","https://modernistmagazines.org/british/blast/ 
https://modjourn.org/journal/blast/ ",,Blast,1914,1915,United Kingdom,"London, United Kingdom",London,GB/Irlande,,2,,,,
,https://bluemountain.princeton.edu/bluemtn/?a=cl&cl=CL1&sp=bmtnaav&e=-------en-20--1--txt-txIN-------,,New Numbers,1914,1914,United Kingdom,"Gloucester, United Kingdom",Gloucester (lieu d'édition),GB/Irlande,,,,,,
"Modernist magazines pas de manifeste/PDF
Modernist Journals Project 1914-1919","https://modernistmagazines.org/british/the-egoist/
https://modjourn.org/journal/egoist/",,The Egoist,1914,1919,United Kingdom,"London, United Kingdom",London,GB/Irlande,Harriet Shaw Weaver,,,,,
1914-1922,https://modjourn.org/journal/little-review/,,The Little Review,1914,1914,USA,"Chicago, IL, USA","Chicago, Illinois",United States,Margaret Anderson,,"Chicago, puis 1916 New York; 1922 n° spécial Picabia; dernier n° à Paris",,,
Internet archive PDF (1914),https://archive.org/search.php?query=title%3A%28%22Vanity+Fair%22%29&sort=-date&and[]=languageSorter%3A%22English%22&and[]=mediatype%3A%22texts%22&and[]=loans__status__status%3A%22-1%22&and[]=year%3A%221914%22,,Vanity Fair,1914,1936,USA,"New York, USA",New York,United States,,,,,,
,https://bluemountain.princeton.edu/bluemtn/?a=cl&cl=CL1&sp=bmtnaaf&e=-------en-20--1--txt-txIN-------,,L'Élan [full text],1915,1916,France,"Paris, France",Paris,Paris,Amédée Ozenfant,10,,,,
,https://bluemountain.princeton.edu/bluemtn/?a=cl&cl=CL1&sp=bmtnaaw&e=-------en-20--1--txt-txIN-------,,Nord-Sud,1915,1918,France,"Paris, France",Paris,Paris,Pierre Reverdy,16,,,,
1916-1921,https://gallica.bnf.fr/ark:/12148/cb32892448g/date.r=,,Vouloir,1915,1921,France,"Paris, France",Paris ,Paris ,,,,,,
,,,Die Dachstube,1915,1918,Germany,"Darmstadt, Germany",Darmstadt,Germany,,,,,,
,,,Die Freie Strasse [full text],1915,1918,Germany,"Berlin, Germany",Berlin,Germany,Franz Jung,10,,,,
,,,Freie Strasse,1915,1918,Germany,"Berlin, Germany",Berlin,Germany,,,,,,
,http://digiphil.hu/context:atett,,A Tett,1915,1916,Hungary,"Budapest, Hungary",Budapest,Central Europe,Lajos Kassák,1,,Hongrie,,
Arca (1915-1919),https://arca.bnc.cat/arcabib_pro/ca/publicaciones/numeros_por_mes.do?idPublicacion=226,,Iberia,1915,1918,Spain,"Barcelona, Spain",Barcelona,Spain,,157,,,,
Arca (1915-1916),https://arca.bnc.cat/arcabib_pro/ca/publicaciones/numeros_por_mes.do?idPublicacion=306,,Themis,1915,,Spain,"Vilanova i la Geltru, Spain",Vilanova i la Geltru,Spain,Damia Torrents et Rafael Sala,18,,,,
,https://arca.bnc.cat/arcabib_pro/ca/publicaciones/numeros_por_mes.do?idPublicacion=673,,Vell i Nou,1915,1921,Spain,"Barcelona, Spain",Barcelona,Spain,Josep Maria Lopez-Pico et Joaquim Folguera,,,,,
,,,Der Mistral,1915,1915,Switzerland,"Zurich, Switzerland",Zurich,Bel-NL-Suisse,Hugo Kersten,3,,,,
,,,Sirius,1915,1916,Switzerland,"Zurich, Switzerland",Zurich,Bel-NL-Suisse,Walter Serner,6,,,,
,https://bluemountain.princeton.edu/bluemtn/?a=cl&cl=CL1&sp=bmtnaba&e=-------en-20--1--txt-txIN-------,,The Signature,1915,1915,United Kingdom,"London, United Kingdom",London,GB/Irlande,,,,,,
,https://bluemountain.princeton.edu/bluemtn/?a=cl&cl=CL1&sp=bmtnaao&e=-------en-20--1--txt-txIN-------,,291 [full text],1915,1916,USA,"New York, USA",New York,United States,"Paul B. Haviland, Marius de Zayas and Agnes Ernst Meyer",12,,,,
,,,Bruno's Chap Books,1915,1916,USA,"New York, USA",New York,United States,Guido Bruno,,,,,
,https://bluemountain.princeton.edu/bluemtn/?a=cl&cl=CL1&sp=bmtnaaq&e=-------en-20--1--txt-txIN-------,,Bruno's Weekly,1915,1916,USA,"New York, USA",New York,United States,Guido Bruno,,Greenwich village,,,
"Intrenet archive - V. 2, no. 1 (June 23, 1915)",https://archive.org/details/greenwichvillage00brun/mode/2up,,Greenwich Village,1915,1915,USA,"New York, USA",New York,United States,Guido Bruno,,,,,
"Modernist magazines pas de manifeste/PDF
modjourn 1915-1919","https://modernistmagazines.org/american/others/
https://modjourn.org/journal/others/",,Others,1915,1919,USA,"Grantwood, NJ, USA","Grantwood, New Jersey",United States,?,,,,,
,,,Others,1915,1919,USA,"New York, USA",New York,United States,Alfred Kreymborg,5,,,,
,,,Rogue,1915,1915,USA,"New York, USA",New York,United States,Allen et Louise Norton,1,,,,
"Modernist magazines pas de manifeste/PDF
Internet archive PDF","https://modernistmagazines.org/american/the-midland/
https://archive.org/details/midlandvolume00unkngoog/page/n9/mode/2up",,The Midland,1915,1933,USA,"Iowa City, IA, USA","Iowa City, Iowa",United States,"John T. Frederick, 1915-1933. Frank Luther Mott, co-editor, 1925-1930",,,,,
,,,The Midland,1915,1933,USA,"Iowa City, IA, USA","Iowa City, Iowa",United States,ntimoderne et anti NY au début,,,,,
,,,The Ridgefield Gazook,1915,1915,USA,"Ridgefield, NJ, USA","Ridgefield, New Jersey",United States,Man Ray,1,,,,
Modernist magazines pas de manifeste/PDF,https://modernistmagazines.org/american/the-southwest-review/,,The Southwest Review,1915,1924,USA,"Dallas, TX, USA","Dallas, Texas",United States,Stark Young,,,,,
,,,The Texas Review,1915,1924,USA,"Austin, TX, USA","Austin, Texas",United States,revue universitaire,,,,,
,"https://gallica.bnf.fr/ark:/12148/cb32868115h/date.r=
https://bluemountain.princeton.edu/bluemtn/?a=cl&cl=CL1&sp=bmtnaaz&e=-------en-20--1--txt-txIN-------",,SIC [full text],1916,1918,France,"Paris, France",Paris,Paris,Pierre-Albert Birot,54,"SIC : Sons, Idées, Couleurs, Formes",,,
,,,Der Bilderman,1916,,Germany,"Berlin, Germany",Berlin,Germany,,,,,,
,,,Neue Jugend,1916,1917,Germany,"Berlin, Germany",Berlin,Germany,"Heinz Barger, Wieland Herzfelde",2,,,,
,http://anno.onb.ac.at/cgi-content/anno-plus?aid=maa,,MA,1916,1925,Hungary,"Budapest, Hungary",Budapest,Central Europe,Lajos Kassák.,,Budapest 1916-1919 and in Vienna 1920-1925,,,hors série surréaliste
,,,Troços [full text],1916,,Spain,"Barcelona, Spain",Barcelona,Spain,,,,,,
,,,Cabaret Voltaire,1916,1916,Switzerland,"Zurich, Switzerland",Zurich,Bel-NL-Suisse,Hugo Ball,1,,,,
,,,Poetry Review of America,1916,1917,USA,"Boston, MA, USA","Boston, Massachusetts",United States,William Stanley Braithwaite,,pro bataille du vers libre,,,
,,,The Ink Pot,1916,1916,USA,"New York, USA",New York,United States,,,,,,
"Modernist magazines pas de manifeste/PDF
modjourn 1916-1917
Internet archive PDF","https://modernistmagazines.org/american/the-seven-arts/
https://modjourn.org/journal/seven-arts/
https://archive.org/search.php?query=title%3A%28%22The+Seven+Arts%22%29&&and[]=year%3A%221917%22&and[]=year%3A%221916%22",,The Seven Arts,1916,1917,USA,"New York, USA",New York,United States,James Oppenheim,,,,,
,,,The Soil,1916,1917,USA,"New York, USA",New York,United States,"donne comme adresse européenne l'atelier de Michael brennet à Paris; mais meneur principal, Robert Coady",,,,,
,,théâtre,Theatre Arts,1916,1964,USA,"New York, USA",New York,United States,Detroit puis New York,,,,,
,,,Form,1916,1917,,,,,,,,,,
,,,Résurrection,1917,1918,Belgium,"Namur, Belgium",Namur,Bel-NL-Suisse,Clément Pansaers,6,Namur et Bruxelles,,,
,,,Soi-Même,1917,1919,France,"Paris, France",Paris,Paris,Joseph Rivière,24,,,,
,,,Das Kunstblatt,1917,,Germany,"Berlin, Germany",Berlin,Germany,Westheim,,,,,
,,,Der Ziegelbrenner,1917,1921,Germany,"Munich, Germany",Munich,Germany,Ret Marut [= B. Traven].,40,dernier n° à Cologne,,,
,https://bluemountain.princeton.edu/bluemtn/?a=cl&cl=CL1&sp=bmtnabt&e=-------en-20--1--txt-txIN-------,,Die schöne Rarität,1917,1919,Germany,"Kiel, Germany",Kiel,Germany,,,,,,
,,,Neue Blätter für Kunst und Dichtung,1917,1919,Germany,"Dresde, Germany",Dresde,Germany,,,,,,
,https://monoskop.org/Noi,,Noi,1917,1925,Italy,"Rome, Italy",Rome,Italy,Enrico Prampolini,,,,,
,http://sdrc.lib.uiowa.edu/dada/De_Stijl/index.htm,,De Stijl,1917,1932,Netherlands,"Delft, Leiden, Netherlands","Delft, Leiden",Bel-NL-Suisse,"Theo van Doesburg. Published in Delft, Leiden and Meudon (France).",90,termine à Meudon (à étudier pour transfert de la géographie des revues ?),,,
,https://www.wbc.poznan.pl/dlibra/results?action=AdvancedSearchAction&type=-3&p=0&val1=Title:Zdr%C3%B3j,,Zdrój,1917,1922,Poland,"Poznan, Poland",Poznan,Central Europe,J. Hulewicz,,,,,
,https://monoskop.org/391,,391 [full text],1917,1924,Spain,"Barcelona, Spain",Barcelona,Spain,Picabia,19,"Barcelona (N° 1-4), New York (N° 5-7), Zurich (N° 8), and Paris (N° 9-19)",,,
,,,Plançons,1917,1917,Spain,"Barcelona, Spain",Barcelona,Spain,Ferran Canyameras,1,,,,
https://arca.bnc.cat/arcabib_pro/ca/consulta/exportar_registro.do?tipoRegistros=BIB&id=2073&formato=ficha&destino=..%2Fconsulta%2Fregistro.do%3Fid%3D2073&exportar=Exportar,https://arca.bnc.cat/arcabib_pro/ca/consulta/registro.do?id=2073,,Un enemic del poble [full text],1917,1919,Spain,"Barcelona, Spain",Barcelona,Spain,"Joan Salvat-Papasseit, resp de la librairie des Galeries Laietanes",18,,,,
,"http://sdrc.lib.uiowa.edu/dada/dada/index.htm
https://bluemountain.princeton.edu/exist/apps/bluemountain/title.html?titleURN=bmtnaae",,Dada [full text],1917,1921,Switzerland,"Zurich, Switzerland",Zurich,Bel-NL-Suisse,Tzara,8,"puis Paris (àp n°4, Au Sans Pareil)",,,
,,,Die Freie Zeitung,1917,1920,Switzerland,"Bern, Switzerland",Bern,Bel-NL-Suisse,"Hugo Ball, Ernst Bloch, Auguste Forel, Ivan Goll, Claire Goll, Carl Albert Loosli, and others.",,,,,
,,,L'Éventail,1917,1919,Switzerland,"Genève, Switzerland",Genève,Bel-NL-Suisse,François Laya,21,,,,
,,,Les Écrits Nouveaux,1917,1922,Switzerland,"Lausanne, Switzerland",Lausanne,Bel-NL-Suisse,"aul Budry and Maurice Martin du Gard, Edmond Jaloux, Valéry Laebaud, André Germain and Philippe Soupault; published in LaUnited Statesnne",?,,,,
"1918, n°3",http://modernistmagazines.com/magazine_viewer.php?gallery_id=1,,Art and Letters,1917,1920,United Kingdom,"London, United Kingdom",London,GB/Irlande,,,,,,
,,,Bruno's,1917,1917,USA,"New York, USA",New York,United States,Guido Bruno,,,,,
,,,Rongwrong [full text],1917,1917,USA,"New York, USA",New York,United States,"Marcel Duchamp, Henri Pierre Roché and Beatrice Wood",1,,,,
,https://monoskop.org/The_Blindman,,The Blindman,1917,1917,USA,"New York, USA",New York,United States,"Henri-Pierre Roché, Beatrice Wood, and Marcel Duchamp",2,,,,
,,,Horizont Flugschriften,1918,1919,Austria,"Vienne, Austria",Vienne,Central Europe,"Karl Lohs, Emil Szit[t]ya and Hans Richter",,Berlin et vienne en fait,Autriche,,
1920-1921 non accessible au public,http://kramerius5.nkp.cz/periodical/uuid:544803a0-c36f-11e5-bb59-5ef3fc9ae867,,Červen,1918,1922,Czech Republic,"Prague, Czech Republic",Prague,Central Europe,S. Neumann,,,,,
,,,Les Feuilles Libres,1918,1928,France,"Paris, France",Paris,Paris,Marcel Hubert Raval,,,,,
,https://gallica.bnf.fr/ark:/12148/cb343928182/date.r=,,Les Trois Roses,1918,1919,France,"Grenoble, France",Grenoble,France hors Paris,Justin-Frantz Simon,12,,,,
,,,Club Dada,1918,1918,Germany,"Berlin, Germany",Berlin,Germany,Richard Huelsenbeck,1,,,,
,http://sdrc.lib.uiowa.edu/dada/Ararat/index.htm,,Der Ararat,1918,1921,Germany,"Munich, Germany",Munich,Germany,Leopold Zahn,22,,,,
,,,Horizont-Hefte,1918,1919,Hungary,"Budapest, Hungary",Budapest,Central Europe,,,,,,
,,,Valori Plastici,1918,1922,Italy,"Rome, Italy",Rome,Italy,Mario et Edita Broglio,,,,,
,,,Arc Voltaic,1918,1918,Spain,"Barcelona, Spain",Barcelona,Spain,Joan Salvat-Papasseit,1,,,,
Arca (1918),https://arca.bnc.cat/arcabib_pro/ca/publicaciones/numeros_por_mes.do?idPublicacion=139,,D'Aci i d'Allà,1918,1936,Spain,"Barcelona, Spain",Barcelona,Spain,Antoni Lopez Llausàs,185,,,,
Arca (1918),https://arca.bnc.cat/arcabib_pro/ca/publicaciones/numeros_por_mes.do?idPublicacion=174,,El Cami,1918,1918,Spain,"Barcelona, Spain",Barcelona,Spain,,6,,,,
,https://arca.bnc.cat/arcabib_pro/ca/publicaciones/numeros_por_mes.do?idPublicacion=233,,L'Instant,1918,1919,Spain,"Barcelona, Spain",Barcelona,Spain,Joan Pérez-Jorba,13,"sous titre ""revue franco-catalane d'art et de littérature"".",,,
"Modernist magazines pas de manifeste/PDF
modjourn 1916 — 1921","https://modernistmagazines.org/british/wheels/
https://modjourn.org/journal/wheels/",,Wheels,1918,1921,United Kingdom,"Oxford, United Kingdom",Oxford,GB/Irlande,Edith Sitwell,,,,,
,,,Bruno's Bohemia,1918,1918,USA,"New York, USA",New York,United States,Guido Bruno,,,,,
Modernist magazines pas de manifeste/PDF,https://modernistmagazines.org/american/the-favorite-magazine/,,The Favorite Magazine,1918,1920,USA,"Chicago, IL, USA","Chicago, Illinois",United States,Fenton Johnson,,,,,
Modernist magazines pas de manifeste/PDF,https://modernistmagazines.org/american/the-liberator/,,The Liberator,1918,1924,USA,"New York, USA",New York,United States,Max Eastman (predominantly),,Chicago en 1923,,,
,,,The Marionette,1918,1919,,,,,,,,,,
,,,Au Volant,1919,1919,Belgium,"Brussels, Belgium",Brussels,Bel-NL-Suisse,,,,,,
1919-1935,https://bluemountain.princeton.edu/bluemtn/?a=cl&cl=CL1&sp=bmtnaac&e=-------en-20--1--txt-txIN-------,,La Cité,1919,1935,Belgium,"Brussels, Belgium",Brussels,Bel-NL-Suisse,,,,,,
,,,Caricatura,1919,1921,Equateur,"Quito, Equateur",Quito,Latin America,,,,,,
,https://gallica.bnf.fr/ark:/12148/cb32724994w/date.r=,,Bulletin de la vie artistique,1919,1926,France,"Paris, France",Paris,Paris,"Bernheim Jeune, Féléon",192,,,,
,,,L'Œil,1919,1920,France,"Paris, France",Paris,Paris,Paul Husson,6,,,,
,https://gallica.bnf.fr/ark:/12148/cb32825790c/date.r=,,Le Nouveau Spectateur,1919,1921,France,"Paris, France",Paris,Paris,"Roger Allard, Camille Bloch",20,,,,
,,,Littérature [full text],1919,1924,France,"Paris, France",Paris,Paris,"Louis Aragon, André Breton, Philippe Soupault",13,,,,
,,,Bulletin D. Dada-Zeitschriften-Mappe,1919,1919,Germany,"Köln, Germany",Köln,Germany,Johannes Theodor Baargeld and Max Ernst,1,,,,
,,,Der Blutige Ernst,1919,1920,Germany,"Berlin, Germany",Berlin,Germany,,6,minimum,,,
,http://sdrc.lib.uiowa.edu/dada/derdada/index.htm,,Der Dada [full text],1919,1920,Germany,"Berlin, Germany",Berlin,Germany,Haussmann,3,3,,,
,,,Der Einzige,1919,1925,Germany,"Berlin, Germany",Berlin,Germany,Anselm Ruest,?,,,,
,https://bluemountain.princeton.edu/bluemtn/?a=cl&cl=CL1&sp=bmtnabs&e=-------en-20--1--txt-txIN-------,,Der Gegner,1919,1922,Germany,"Berlin, Germany",Berlin,Germany,Karl Otten,?,,,,
,,,Der Ventilator,1919,1919,Germany,"Köln, Germany",Köln,Germany,Johannes Theodor Baargeld,6,,,,
,https://bluemountain.princeton.edu/bluemtn/?a=cl&cl=CL1&sp=bmtnabq&e=-------en-20--1--txt-txIN-------,,Der Zweemann [full text],1919,1920,Germany,"Hannover, Germany",Hannover,Germany,"F. W. Wagner, Christof Spengemann, and Hans Schiebelhuth",10,,,,
,,,Die Erde,1919,1920,Germany,"Berlin, Germany",Berlin,Germany,Walther Rilla,,,,,
,,,Die Pleite [full text],1919,1924,Germany,"Berlin, Germany",Berlin,Germany,Wieland Herzfelde,11,,,,
,,,Jedermann sein eigner Fussball,1919,1919,Germany,"Berlin, Germany",Berlin,Germany,Wieland Herzfelde.,1,,,,
,,,Schall und Rauch,1919,1921,Germany,"Berlin, Germany",Berlin,Germany,"Heinz Herald, Hans von Wolzogen.",?,,,,
1921,https://monoskop.org/Formism#Journal,,Formisci,1919,1921,Poland,"Cracovie, Poland",Cracovie,Central Europe,Tlomasczul Ro-Dada,,Pologne,,,
,,,Studium,1919,,Spain,"Figueras, Spain",Figueras,Spain,Jaon Wirau,6,,,,
,,,Terramar,1919,,Spain,"Sitges, Spain",Sitges,Spain,Josep Carbonell,84,,,,
,,,Der Zeltweg,1919,1919,Switzerland,"Zurich, Switzerland",Zurich,Bel-NL-Suisse,"Otto Flake, Walter Serner and Tristan Tzara.",1,,,,
"Modernist magazines pas de manifeste/PDF
modjourn 1919-1920","https://modernistmagazines.org/british/coterie/
https://modjourn.org/journal/coterie/",,Coterie,1919,1920,United Kingdom,"Oxford, United Kingdom",Oxford,GB/Irlande,"T. S. Eliot, T. W. Earp, Richard Aldington, Aldous Huxley, Wyndham Lewis, Nina Hamnett,",,,,,
"Bodleian (identifiant University of Oxford) - dates non correspondantes : 1828-1921
Libraryhub - plusieurs liens avec accès limité dont google books","http://oxfordsfx-direct.hosted.exlibrisgroup.com/oxford?ctx_ver=Z39.88-2004&ctx_enc=info:ofi/enc:UTF-8&ctx_tim=2020-04-20T09%3A59%3A28IST&url_ver=Z39.88-2004&url_ctx_fmt=infofi/fmt:kev:mtx:ctx&rfr_id=info:sid/primo.exlibrisgroup.com:primo3-Journal-oxfaleph&rft_val_fmt=info:ofi/fmt:kev:mtx:journal&rft.genre=&rft.atitle=&rft.jtitle=The%20athenaeum&rft.btitle=&rft.aulast=&rft.auinit=&rft.auinit1=&rft.auinitm=&rft.ausuffix=&rft.au=&rft.aucorp=&rft.volume=&rft.issue=&rft.part=&rft.quarter=&rft.ssn=&rft.spage=&rft.epage=&rft.pages=&rft.artnum=&rft.issn=1747-3594&rft.eissn=&rft.isbn=&rft.sici=&rft.coden=&rft_id=info:doi/&rft.object_id=1000000000800419&svc_val_fmt=info:ofi/fmt:kev:mtx:sch_svc&svc.fulltext=yes&rft_bat=%3Coxfaleph%3E017139876%3C/oxfaleph%3E&rft.eisbn=&rft_id=info:oai/&rft_id=http%3A%2F%2Fsolo.bodleian.ox.ac.uk%2Fprimo_library%2Flibweb%2Faction%2Fdisplay.do%3Fdoc%3Doxfaleph017139876%26vid%3DOXVU1%26fn%3Ddisplay%26displayMode%3Dfull&req.language=eng&rft_pqid=
https://discover.libraryhub.jisc.ac.uk/search?title=The%20Athenaeum&document-type=periodical&document-format=online&rn=16",,The Athenaeum,1919,1921,United Kingdom,"London, United Kingdom",London,GB/Irlande,,,,,,
"1925, n°64",http://modernistmagazines.com/magazine_viewer.php?gallery_id=290,,The London Mercury,1919,1939,United Kingdom,"London, United Kingdom",London,GB/Irlande,,,,,,
"1920
1921
1923","http://modernistmagazines.com/magazine_viewer.php?gallery_id=284
https://modjourn.org/journal/chapbook/
http://modernistmagazines.com/magazine_viewer.php?gallery_id=285",,The Monthly Chapbook,1919,1925,United Kingdom,"London, United Kingdom",London,GB/Irlande,,,,,,
"Modernist magazines pas de manifeste/PDF
modjourn 1919","https://modernistmagazines.org/british/the-owl/
https://modjourn.org/journal/owl/",,The Owl,1919,1923,United Kingdom,"London, United Kingdom",London,GB/Irlande,Robert Graves,,,,,
"1919, n°1",http://modernistmagazines.com/magazine_viewer.php?gallery_id=299,,Voices,1919,1921,United Kingdom,"London, United Kingdom",London,GB/Irlande,,,,,,
,,,Bruno's Review,1919,1919,USA,"New York, USA",New York,United States,Guido Bruno,,,,,
1922-1923,https://monoskop.org/S4N,,S4N,1919,1925,USA,"New Haven, CT, USA","New Haven, Connecticut",United States,,,,,,
"Gallica - un seul numéro (1925, n°5)
magazines 1920-1921-1923
Uiowa digital Library n°16 1921
ULB - Accès avec identifiant universitaire ULB","https://gallica.bnf.fr/ark:/12148/cb327348804/date.r=
https://magazines.iaddb.org/periodicals/CAIRA
https://digital.lib.uiowa.edu/islandora/object/ui:dada_30547
http://digitheque.ulb.ac.be/fr/digitheque-revues-litteraires-belges/periodiques-numerises/index.html#c11379",,ça ira ! Revue mensuelle d'art et de critique.,1920,1923,Belgium,"Antwerp, Belgium",Antwerp,Bel-NL-Suisse,"Maurice Van Essche, Clément Pansaers and Paul Neuhuys",20,,,,
Accès avec identifiant universitaire ULB,http://digitheque.ulb.ac.be/fr/digitheque-revues-litteraires-belges/periodiques-numerises/index.html#c12045,,Le Geste,1920,1920,Belgium,"Brussels, Belgium",Brussels,Bel-NL-Suisse,Victor Bourgeois,,,,,
,,,Sélection,1920,1927,Belgium,"Brussels, Belgium",Brussels,Bel-NL-Suisse,"André de Ridder, Paul-Gustave Van Hecke, Gustave De Smet and Georges Marlier.",60,,,,
,https://monoskop.org/Orfeus,,Orfeus,1920,1920,Croatia,"Zagreb, Croatia",Zagreb,Central Europe,"L. Vladyka, K. Teige, K. Vinohrady",,,,,
,,,Musaion,1920,1921,Czech Republic,"Prague, Czech Republic",Prague,Central Europe,"K. Čapek, puis Ot. Storh-Marien",,,,,
1912-1917 accessible ; 1919-1937 non accessible au public,http://kramerius5.nkp.cz/periodical/uuid:76610c2d-3f10-4f88-ac52-a84d461a30c9,,Veraikon,1920,1925,Czech Republic,"Prague, Czech Republic",Prague,Central Europe,E. Pacovsky,,,,,
,https://bluemountain.princeton.edu/bluemtn/?a=cl&cl=CL1&sp=bmtnaab&e=-------en-20--1--txt-txIN-------,,Action. Cahiers de Philosophie et d'Art,1920,1922,France,"Paris, France",Paris,Paris,Florent Fels et Marcel Sauvage,12,,,,
,,,Cannibale,1920,1920,France,"Paris, France",Paris,Paris,Picabia,2,,,,
,https://gallica.bnf.fr/ark:/12148/cb34428092f/date.r=,,L'Esprit Nouveau,1920,1925,France,"Paris, France",Paris,Paris,"Paul Dermée and Michel Seuphor, later by Charles-Edouard Jeanneret",28,,,,
,,,Projecteur [full text],1920,1920,France,"Paris, France",Paris,Paris,Céline Arnauld,1,,,,
,https://bluemountain.princeton.edu/bluemtn/?a=cl&cl=CL1&sp=bmtnabl&e=-------en-20--1--txt-txIN-------,,Proverbe [full text],1920,1921,France,"Paris, France",Paris,Paris,Paul Éluard,6,,,,
,,,Z,1920,1920,France,"Paris, France",Paris,Paris,Paul Dermée,2,,,,
,,,Z [full text],1920,1920,France,"Paris, France",Paris,Paris,Paul Dermée,1,Au Sans Pareil,,,
,,,Der Marstall [full text],1920,1920,Germany,"Hannover, Germany",Hannover,Germany,Paul Steegemann,2,,,,
,,,Die Freude [full text],1920,1920,Germany,"Burg Lauenstein, Germany",Burg Lauenstein,Germany,Yvan Goll,1,,,,
,,,Die Schammade,1920,1920,Germany,"Köln, Germany",Köln,Germany,Max Ernst,1,,,,
Arca (1921-1923),https://arca.bnc.cat/arcabib_pro/ca/publicaciones/numeros_por_mes.do?idPublicacion=252,,"Monitor : Gaseta nacional de politica, art i literatura",1920,,Spain,"Sitges, Spain",Sitges,Spain,Joseph Carbonell et Josep Vincenç,,,,,
,,,Proa,1920,1920,Spain,"Barcelona, Spain",Barcelona,Spain,Joan Salvat-Papasseit,2,,,,
Modernist magazines pas de manifeste/PDF,"https://modernistmagazines.org/british/the-tyro/
https://modjourn.org/journal/tyro/",,The Tyro,1920,1921,United Kingdom,"London, United Kingdom",London,GB/Irlande,Wyndham Lewis,2,,,,
,,,Bruno's Review of the Two Worlds,1920,1922,USA,"New York, USA",New York,United States,Guido Bruno,,,,,
Modernist magazines pas de manifeste/PDF,https://modernistmagazines.org/british/coterie/,,Contact,1920,1923,USA,"New York, USA",New York,United States,Robert McAlmon (1920 – 1923),William Carlos Williams (1920 – 1923; 1932),,,,
,,,The Dial,1920,1929,USA,"New York, USA",New York,United States,"Dr. James Sibley Watson, Jr. (1920-29)",,,,,
,,,The Apple,1920,1922,,,,,,,,,,
,,revue politique,Time and Tide,1920,1930,,,,,,,,,,
Accès avec identifiant universitaire ULB,http://digitheque.ulb.ac.be/fr/digitheque-revues-litteraires-belges/periodiques-numerises/index.html#c11395,,Le Disque vert,1921,1941,Belgium,"Brussels, Belgium",Brussels,Bel-NL-Suisse,"Franz Hellens, Robert Goffin, Camille Goemans, Henri Michaux",?,,,,
couverture 1922,https://monoskop.org/Kinofon,,Kinofon,1921,1922,Croatia,"Zagreb, Croatia",Zagreb,Central Europe,B. Ve Poljanski,,,,,
,,,Kritika,1921,1921,Croatia,"Zagreb, Croatia",Zagreb,Central Europe,,"A. Brown, M. Crnjanski, S. Krakow, etc.",,,,
,https://monoskop.org/Zenit,,Zenit [full text],1921,1926,Croatia,"Zagreb, Croatia",Zagreb,Central Europe,Ljubomir Micic (1895-1971),43,puis Belgrade,,,
,https://monoskop.org/%C5%BDivot,,Zivot,1921,1948,Czech Republic,"Prague, Czech Republic",Prague,Central Europe,,"V. Robus, J. Krejcar",,,,
,http://sdrc.lib.uiowa.edu/dada/Aventure/index.htm,,Aventure,1921,1922,France,"Paris, France",Paris,Paris,Roger Vitrac and René Crevel,3,,,,
,,,Chronique de l'Ours,1921,1922,France,"Paris, France",Paris,Paris,Maximilien Gauthier,11,,,,
1922,https://monoskop.org/Gargoyle,,Gargoyle,1921,1922,France,"Paris, France",Paris,Paris,,,,,,
,https://gallica.bnf.fr/ark:/12148/cb343812497/date.r=,,L'Oeuf Dur,1921,1924,France,"Paris, France",Paris,Paris,"Georges Duveau, G. Rosenthal, P. Villoteau, J.A. Weil",16,,,,
,,,Le Mécène - Organe indépendant des artistes contemporains+A185,1921,1924,France,"Paris, France",Paris,Paris,"P. Guiboud-Ribaud, P. de Contamin",,,,,
,,,Der Bastard,1921,1921,Germany,"Leipzig, Germany",Leipzig,Germany,Adriaan Michiel van den Broecke jun. and Guilherme Schneider,3,,,,
,,,Der Querschnitt,1921,1933,Germany,"Düsseldorf, Germany",Düsseldorf,Germany,Alfred Flechtheim (1921-1923); later edited by Hermann von Wedderkop (1924-1931),?,,,,
,,,Freiland Dada,1921,1921,Germany,"Potsdam, Germany",Potsdam,Germany,Johannes Baader,1,,,,
,,,Bleu,1921,1921,Italy,"Mantoue, Italy",Mantoue,Italy,Gino Cantarelli and Aldo Fiozzi,3,,,,
,,,El Machete,1921,,Mexico,"Mexico city, Mexico",Mexico city,Latin America,,,,,,
,,,Revista Actual,1921,,Mexico,"Mexico City, Mexico",Mexico City,Latin America,,,,,,
http://www.dlib.si/stream/URN:NBN:SI:DOC-Q13XVRCA/1d2782c8-15d8-49dc-b3be-123e43b49f1d/PDF,http://www.dlib.si/details/URN:NBN:SI:DOC-Q13XVRCA/?query=%27srel%3dSvetokret%27&pageSize=25&fyear=1921&sortDir=ASC,,Svetokret,1921,1921,Slovenia,"Ljubjana, Slovenia",Ljubjana,Central Europe,B. Ve Poljanski,,,,,
,https://bluemountain.princeton.edu/bluemtn/?a=cl&cl=CL1&sp=bmtnaap&e=-------en-20--1--txt-txIN-------,,Broom - An International Magazine of the Arts. Published by Americans in Italy.,1921,1924,USA,"New York, USA",New York,United States,"Harold A. Loeb (November 1921-November 1922), Alfred Kreymborg (November 1921-February 1922), Slater Brown, Matthew Josephson, and Malcolm Cowley (associate editors); Lola Ridge (American editor)",6,,,,
,https://monoskop.org/New_York_Dada,,New York Dada,1921,1921,USA,"New York, USA",New York,United States,Marcel Duchamp and Man Ray,1,,,,
Modernist magazines pas de manifeste/PDF,https://modernistmagazines.org/american/the-double-dealer/,,The Double Dealer,1921,1926,USA,"New Orleans, LA, USA","New Orleans, Louisiana",United States,Julius Weis Friend,47,,,,
,,,The Greenwich Villager,1921,1922,USA,"New York, USA",New York,United States,et 1933-1934,,,,,
,,,The Lyric,1921,2014,USA,"Norfolk, VA, USA","Norfolk, Virginia",United States,,,,,,
,,,The Measure,1921,1926,USA,"New York, USA",New York,United States,,,,,,
,,,The Reviewer,1921,1925,USA,"Richmond, VA, USA","Richmond, Virginia",United States,,,,,,
,,,2x2,1922,,Austria,"Vienne, Austria",Vienne,Central Europe,Lajos Kassák,,,,,
,,,Akasztott Ember and Ék,1922,1923,Austria,"Vienne, Austria",Vienne,Central Europe,Lajos Kassák,5,,Autriche,,
,,,Egység,1922,1924,Austria,"Vienna, Austria",Vienna,Central Europe,Aladáar Komját and Béenla Uitz,puis Berlin,Autriche,,,
,,,Het Overzicht,1922,1924,Belgium,"Antwerp, Belgium",Antwerp,Bel-NL-Suisse,"Geert Grub [= Geert Pijnenburg], Georges Walz, Alice Nahon, Victor Brunclair, Leo Steiner, Gaston Burssens, Michel Seuphor",25,,,,
,"http://bndigital.bn.br/acervo-digital/klaxon-mensario-arte-moderna/217417
http://hemerotecadigital.bn.br/acervo-digital/klaxon-mensario-arte-moderna/217417",,Klaxon,1922,,Brazil,"São Paulo , Brazil",São Paulo,Latin America,,,,,,
,,,Dada-Jazz,1922,1922,Croatia,"Zagreb, Croatia",Zagreb,Central Europe,D. Aleksić,,,,,
,,,Dada-Jok,1922,1922,Croatia,"Zagreb, Croatia",Zagreb,Central Europe,B. Ve Poljanski,,,,,
,https://monoskop.org/Dada_Tank#Issue,,Dada-Tank,1922,1922,Croatia,"Zagreb, Croatia",Zagreb,Central Europe,D. Aleksić,,,,,
est-ce la bonne revue ? numérisée mais non accessible au public,http://kramerius5.nkp.cz/view/uuid:c03917d0-4dfa-11e8-9a44-005056827e52?page=uuid:379116b0-89ed-11e8-ad64-005056825209,,Devětsil,1922,1922,Czech Republic,"Prague, Czech Republic",Prague,Central Europe,"J. Seifert, K. Teige",,,,,
est-ce la bonne revue ? num. 1921-1929,http://kramerius5.nkp.cz/periodical/uuid:6954b980-a772-11e7-8394-5ef3fc9ae867,,Host,1922,1926,Czech Republic,"Prague, Czech Republic",Prague,Central Europe,"V. Petr, J. Seifert, K.Teige",,,,,
,,,Kmen,1922,1922,Czech Republic,"Prague, Czech Republic",Prague,Central Europe,K. Vaněk,,,,,
,http://www.avantgarde-museum.com/en/museum/collection/STAVBA~pe4430/,,Stavba,1922,1931,Czech Republic,"PRague, Czech Republic",PRague,Central Europe,Karel Teige,,journal d'architecture,,,
,,,Dés,1922,1922,France,"Paris, France",Paris,Paris,Marcel Arland,1,1,,,
"gallica PDF (1920- 1924, 1926,1927, 1929 -1932, 1934-1938, 1946, 1948)",https://gallica.bnf.fr/ark:/12148/cb37131136n/date.r=,,L'Amour de l'Art,1922,1951,France,"Paris, France",Paris,Paris,Louis Vauxcelles,,,,,
,,,La Pomme de Pins,1922,1922,France,"Saint-Raphaël, France",Saint-Raphaël,France hors Paris,Francis Picabia,1,,,,
,https://bluemountain.princeton.edu/bluemtn/?a=d&d=bmtnaad192204-01&e=-------en-20--1--txt-txIN-------,,le Cœur à Barbe,1922,1922,France,"Paris, France",Paris,Paris,Tzara,1,,,,
,https://gallica.bnf.fr/ark:/12148/cb32811295j/date.r=,,Manomètre,1922,1928,France,"Lyon, France",Lyon,France hors Paris,Émile Malespine,9,,,,
,"http://jacket2.org/reissues/secession/
https://bluemountain.princeton.edu/exist/apps/bluemountain/title.html?titleURN=bmtnaay
http://bibliothequekandinsky.centrepompidou.fr/clientBookline/service/reference.asp?INSTANCE=INCIPIO&OUTPUT=PORTAL&DOCID=0473740&DOCBASE=CGPP",,Secession,1922,1924,France,"Paris, France",Paris,Central Europe,"Gorham B. Munson (together with Matthew Josephson and Kenneth Burke, at various junctures).",6,"Vienna, Berlin, New York, Florence and Reutte (Tyrol).",,,
,,,Udar,1922,1923,France,"Paris, France",Paris,Paris,Serge Romoff; Florent Fels,4,en russe et français,,,
1922-1935,https://digi.ub.uni-heidelberg.de/diglit/form,,Die Form,1922,,Germany,"Berlin, Germany",Berlin,Germany,http://www.deutscherwerkbund-nw.de/index.php?id=316,,,,,
,https://monoskop.org/M%C3%A9cano,,Mécano,1922,1924,Germany,"Weimar, Germany",Weimar,Germany,Theo van Doesburg,5,,,,
,,,Staatliches Bauhaus,1922,,Germany,"Weimar, Germany",Weimar,Germany,,,,,,
,,,Transbordeur Dada,1922,1949,Germany,"Berlin, Germany",Berlin,Germany,Serge Charchoune,13,Berlin puis Paris à partir de 1924,,,
1922,"https://digitalcollections.nypl.org/search/index?utf8=%E2%9C%93&keywords=Veshch%2C+Gegenstand%2C+Objet
https://bluemountain.princeton.edu/exist/apps/bluemountain/title.html?titleURN=bmtnaam",,"Veshch, Gegenstand, Objet",1922,1923,Germany,"Berlin, Germany",Berlin,Germany,"El Lissitzky, I. Ehrenbourg",2,,C'est russe mais ç asort à Berlin,,
,,,Magyar Irás,1922,1925,Hungary,"Budapest, Hungary",Budapest,Central Europe,T. Raith,,,,,
,,,Dadaizumu,1922,,Japan,"Okoyama, Japan",Okoyama,Asia,Yoshiyuki Eisuké,,,,,
,"https://polona.pl/search/?query=Zwrotnica&filters=public:1
https://monoskop.org/Zwrotnica",,Zwrotnica,1922,1927,Poland,"Cracovie, Poland",Cracovie,Central Europe,T. Peiper,,Pologne,,,
1923-1930,https://monoskop.org/Contimporanul,,Contemporanul,1922,1932,Romania,"Bucarest, Romania",Bucarest,Central Europe,Ion Vinea and Marcel Janco,102,,Roumanie,,
,,,"Creacion - Creation, revue d'art",1922,1922,Spain,"Madrid, Spain",Madrid,Spain,Vicente Huidobro,2,"1er n° Madrid, deuxième à Paris",,,
,,,The Golden Hind,1922,1926,United Kingdom,"London, United Kingdom",London,GB/Irlande,,,,,,
1921,https://modjourn.org/journal/chapbook/,,The Scottish Chapbook,1922,1923,United Kingdom,"Montrose, UK",Montrose,GB/Irlande,,,,,,
Modernist magazines pas de manifeste/PDF,https://modernistmagazines.org/american/laughing-horse/,,Laughing Horse,1922,1939,USA,"Berkeley, CA, USA","Berkeley, Californnia",United States,"Walter Willard “Spud” Johnson (1922-1939); under the pseudonyms Jane Cavendish, Bill Murphy, Roy Chanslor (1922-23); pseudonym: Noel Jason",,,,,
,,,Manuscripts,1922,1923,USA,"New York, USA",New York,United States,Stieglitz,,en l'honneur de Stieglitz.. .,,,
,,,The Fugitive,1922,1925,USA,"Nashville, TN, USA","Nashville, Tennessee",United States,,,,,,
,,,ék,1923,1925,Austria,"Vienna, Austria",Vienna,Central Europe,S. Barta,,,,,
,https://monoskop.org/Disk,,Disk,1923,1925,Czech Republic,"Prague, Czech Republic",Prague,Central Europe,A. Černik,,Tchécoslovaquie,,,
,,,Bulletin de la Galerie Berthe Weil,1923,1934,France,"Paris, France",Paris,Paris,,120,,,,
,,,Gazette des sept arts,1923,1923,France,"Paris, France",Paris,Paris,"René Blum, Fernand Divoire,; …",5,,voir Chevrefils Desbiolles,,
,,,Interventions - Gazette internationale des lettres et des arts modernes,1923,1924,France,"Paris, France",Paris,Paris,Paul Dermée,2,,,,
,"https://portaildocumentaire.citedelarchitecture.fr/search.aspx?SC=Nos+revues+num%C3%A9ris%C3%A9es&amp;QUERY=TypeOfDocument_idx%3aNNUM+AND+RebondRevue_idx%3a%27TARVI%27&amp;QUERY_LABEL=Recherche+de+documents#/Search/(query:(ForceSearch:!f,Page:0,PageRange:3,QueryString:'TypeOfDocument_idx:NNUM%20AND%20RebondRevue_idx:%22ARVI%22',ResultSize:10,ScenarioCode:'Nos%20revues%20num%C3%A9ris%C3%A9es',ScenarioDisplayMode:display-standard,SearchLabel:'Recherche%20de%20documents',SearchTerms:'TypeOfDocument_idx%20NNUM%20AND%20RebondRevue_idx%20ARVI',TemplateParams:(Scenario:'',Scope:'',Size:!n,Source:'',Support:'')))",,L'architecture vivante,1923,1933,France,"Paris, France",Paris,Paris,Jean Badovici,,,,,
,,,G. Material zur elementaren Gestaltung,1923,1926,Germany,"Berlin, Germany",Berlin,Germany,Hans Richte,6,,,,
,"http://sdrc.lib.uiowa.edu/dada/merz/index.htm
https://digital.lib.uiowa.edu/islandora/object/ui:dada_26525
https://magazines.iaddb.org/periodicals/MERZ",,Merz [full text],1923,1932,Germany,"Hannover, Germany",Hannover,Germany,Kurt Schwitters,21,,,,
,,,Ars Una,1923,1924,Hungary,"Budapest, Hungary",Budapest,Central Europe,K. Pogany,,,,,
,,,The Dublin Magazine,1923,1958,Ireland,"Dublin, Ireland",Dublin,GB/Irlande,,,,,,
,,,The Klaxon,1923,1923,Ireland,"Dublin, Ireland",Dublin,GB/Irlande,,,,,,
,,,L'Aurora,1923,1924,Italy,"Gorizia, Italy",Gorizia,Central Europe,S. Pocarini,,,,,
,,,Aka to Kuro,1923,,Japan,", Japan",,Asia,,,,,,
,,,Aka to kuro (Le Rouge et le Noir),1923,,Japan,"Tokyo, Japan",Tokyo,Asia,,,,,,
,,,Palms,1923,1930,Mexico,"Guadalajara, Mexico, Mexico","Guadalajara, Mexico",Latin America,,,,,,
,,,The Next Call,1923,,Netherlands,"Groninguen, Netherlands",Groninguen,Bel-NL-Suisse,Hendrik Nicolaas Werkman,,,,,
,https://monoskop.org/LEF,,LEF (Levy Front Iskousstv ),1923,1925,Russia,"Moscow, Russia",Moscow,Russie,"poète Vladimir Maïakovski qui en était le rédacteur en chef, et par Ossip Brik",,,,,
"1925, n°8",http://modernistmagazines.com/magazine_viewer.php?gallery_id=281,,The Adelphi,1923,1948,United Kingdom,"London, United Kingdom",London,GB/Irlande,,,,,,
1928-1929,http://modernistmagazines.com/magazine_viewer.php?gallery_id=283,,The Bermondsey Book,1923,1930,United Kingdom,"London, United Kingdom",London,GB/Irlande,,,,,,
Modernist magazines pas de manifeste/PDF,https://modernistmagazines.org/american/opportunity/,,Opportunity,1923,1949,USA,"New York, USA",New York,United States,Charles Spurgeon Johnson,promotion d'un art nègre américain moderne,,,,
,,,Rythmus,1923,1924,USA,"New York, USA",New York,United States,"Gustav Davidson, Oscar Williamsf",,,,,
,,,The Irish Statesman,1923,1930,,,,GB/Irlande,,,,,,
,https://www.ahira.com.ar/revistas/martin-fierro/,,Martin Fiero / Periodico Quincenal de arte y critica libre,1924,1927,Argentina,"Buenos Aires, Argentina",Buenos Aires,Latin America,,,,,,Voir Chevrefils Desbiolles.
Accès avec identifiant universitaire ULB,http://digitheque.ulb.ac.be/fr/digitheque-revues-litteraires-belges/periodiques-numerises/index.html#c12042,,Correspondance,1924,1925,Belgium,"Brussels, Belgium",Brussels,Bel-NL-Suisse,"Camille Goemans, Marcel Lecomte",,,,,
,,,Ariel,1924,,Chile,"Santiago, Chile",Santiago,Latin America,,,,,,
"1924, 1925",https://monoskop.org/DAV,,Dav,1924,1937,Czech Republic,"Prague, Czech Republic",Prague,Central Europe,,,,,,
,http://archiv.ucl.cas.cz/?path=Pasmo,,Pásmo,1924,1926,Czech Republic,"Brno, Czech Republic",Brno,Central Europe,"A. Černik, F. Halăs, B. Václavek, K. Teige",22,Brnö et Prague; Tchécoslovaquie,,,
,https://gallica.bnf.fr/ark:/12148/cb32720656j/date.r=,,Bulletin de l'Effort moderne,1924,1927,France,"Paris, France",Paris,Paris,Léonce Rosenberg,40,,,,
,https://monoskop.org/CAP,,CAP,1924,1928,France,"Paris, France",Paris,Paris,Marcel Hiver,9,,,,
,,,L'art d'aujourd'hui,1924,1929,France,"Paris, France",Paris,Paris,"Albert Morancé, Christian Zervos",24,,,,
,https://gallica.bnf.fr/ark:/12148/cb34381250f/date.r=,,La Révolution surréaliste,1924,1929,France,"Paris, France",Paris,Paris,Breton,12,,,,
,,,Le Mouvement Accéléré,1924,1924,France,"Paris, France",Paris,Paris,Paul Dermée,1,,,,
,https://gallica.bnf.fr/ark:/12148/cb32832125r/date.r=,,Paris,1924,1924,France,"Paris, France",Paris,Paris,Pierre Albert-Birot,,,,,
,,,Partisans - Revue coopérative internationale. Arts et lettres,1924,1930,France,"Paris, France",Paris,Paris,,,Voir Chevrefils p. 304,,,
1924-1925,https://gallica.bnf.fr/ark:/12148/cb34442688t/date.r=,,Philosophies,1924,1925,France,"Paris, France",Paris ,Paris ,,,,,,
,"https://gallica.bnf.fr/ark:/12148/cb32874286j/date.r=
https://bluemountain.princeton.edu/bluemtn/?a=d&d=bmtnaaj19241001-01&e=-------en-20--1--txt-txIN-------",,Surréalisme,1924,1924,France,"Paris, France",Paris,Paris,Yvan Goll,1,,,,
Modernist magazines pas de manifeste/PDF,https://modernistmagazines.org/european/the-transatlantic-review/,,The Transatlantic Review,1924,1924,France,"Paris, France",Paris,Paris,Ford Madox Ford,,Paris-New York- Londres,,,
,,,Is,1924,1925,Hungary,"Budapest, Hungary",Budapest,Central Europe,,"Hongrie, 2 N°",Dada Circuit total,pas sûr que ce soti budapest,,
revues non complète (illustrations),https://digitalcollections.nypl.org/search/index?&keywords=Mavo#/?scroll=10,,Mavo,1924,1926,Japan,", Japan",,Asia,Murayama,7,,,,
,,,Keturi Vejai,1924,1928,Lithuania,"Vilnius, Lithuania",Vilnius,Central Europe,,,,,,"voir Otakar Macel, « L’Esprit nouveau à Prague », dans L’Esprit nouveau. Le Corbusier et l’industrie 1920-1925, p. 160-163"
,https://monoskop.org/Blok,,Blok,1924,1925,Poland,"Varsovie, Poland",Varsovie,Central Europe,Mieczyslaw Szczuka et Teresa Zarnower,,,Pologne,,
,https://monoskop.org/75HP,,75 HP,1924,1924,Romania,"Bucarest, Romania",Bucarest,Central Europe,"Ilarie Voronca, Stéphane Roll and Victor Brauner",1,,Roumanie,,
,http://dspace.bcucluj.ro/browse?type=title&sort_by=1&order=DESC&rpp=100&etal=-1&starts_with=Punct,,Punct,1924,1925,Romania,"Bucarest, Romania",Bucarest,Central Europe,Scarlat Callimachi. Edited by Victor Brauner,16,Roumanie,,,
,,,Art Novell,1924,,Spain,"Barcelona, Spain",Barcelona,Spain,Lluyis Palli,,,,,
,,,Gaseta de les Arts,1924,1930,Spain,"Barcelona, Spain",Barcelona,Spain,Joaquim Folch i Torres,,dédiée slt à l'art catalan ap de 1928 sous dir Rafael Benet et Marius Gifreda.,,,
,https://arca.bnc.cat/arcabib_pro/ca/publicaciones/numeros_por_mes.do?idPublicacion=428,,La Ma Trencada,1924,1925,Spain,"Barcelona, Spain",Barcelona,Spain,Joan Merli,6,,,,
,,,The Decachord,1924,1931,United Kingdom,"Exeter, United Kingdom",Exeter,GB/Irlande,,,,,,
"1924, n°4",http://modernistmagazines.com/magazine_viewer.php?gallery_id=280,,The Northern Review,1924,1924,United Kingdom,"London, United Kingdom",London,GB/Irlande,,,,,,
,,,American Mercury,1924,1981,USA,"New York, USA",New York,United States,,,,,,
,,,The Scots Magazine,1924,2012,,,,GB/Irlande,,,,,,
,,,To-Morrow,1924,1924,,,,,,,,,,
Accès avec identifiant universitaire ULB,http://digitheque.ulb.ac.be/fr/digitheque-revues-litteraires-belges/periodiques-numerises/index.html#c11768,,Oesophage,1925,1925,Belgium,"Brussels, Belgium",Brussels,Bel-NL-Suisse,,,,,,
,https://gallica.bnf.fr/ark:/12148/cb344287315/date.r=,,L'Art vivant,1925,1939,France,"Paris, France",Paris,Paris,"Jacques Guenne, Maurice Martin du Gard, Florent Fels, Joseph Deniau",,,,,
,,,This Quarter,1925,1932,France,"Paris, France",Paris,Paris,"Edward W. Titus, et en 1932 numéro unique par Breton sur le surréalisme",,,,,
,,,25,1925,1925,Italy,"Trieste, Italy",Trieste,Central Europe,"G. Carmelich, E. M. Dolfi",,,,,
,http://dspace.bcucluj.ro/browse?type=title&sort_by=1&order=DESC&rpp=100&etal=-1&starts_with=Integral,,Integral,1925,1928,Romania,"Bucarest, Romania",Bucarest,Central Europe,"Bucharest office: F. Brunea, Ion Calugaru, Ilarie Voronca; Paris office: Benjamin Fondane, Janos Mattis-Teutsch.",15,Roumanie,,,
,"http://dspace.bcucluj.ro/browse?type=title&sort_by=1&order=DESC&rpp=100&etal=-1&starts_with=Periszk%C3%B3p
https://monoskop.org/Periszkop",,Periszkóp,1925,1925,Romania,"Arad, Romania",Arad,Central Europe,Gy. Szántó,,,,,
Bodleian (à partir de 2011) besoin d'un identifiant University of Oxford,http://oxfordsfx-direct.hosted.exlibrisgroup.com/oxford?ctx_ver=Z39.88-2004&ctx_enc=info:ofi/enc:UTF-8&ctx_tim=2020-04-22T09%3A03%3A31IST&url_ver=Z39.88-2004&url_ctx_fmt=infofi/fmt:kev:mtx:ctx&rfr_id=info:sid/primo.exlibrisgroup.com:primo3-Journal-oxfaleph&rft_val_fmt=info:ofi/fmt:kev:mtx:journal&rft.genre=&rft.atitle=&rft.jtitle=Apollo&rft.btitle=&rft.aulast=&rft.auinit=&rft.auinit1=&rft.auinitm=&rft.ausuffix=&rft.au=&rft.aucorp=&rft.volume=&rft.issue=&rft.part=&rft.quarter=&rft.ssn=&rft.spage=&rft.epage=&rft.pages=&rft.artnum=&rft.issn=0003-6536&rft.eissn=&rft.isbn=&rft.sici=&rft.coden=&rft_id=info:doi/&rft.object_id=954925380996&svc_val_fmt=info:ofi/fmt:kev:mtx:sch_svc&svc.fulltext=yes&rft_bat=%3Coxfaleph%3E021081955%3C/oxfaleph%3E&rft.eisbn=&rft_id=info:oai/&rft_id=http%3A%2F%2Fsolo.bodleian.ox.ac.uk%2Fprimo_library%2Flibweb%2Faction%2Fdisplay.do%3Fdoc%3Doxfaleph021081955%26vid%3DOXVU1%26fn%3Ddisplay%26displayMode%3Dfull&req.language=eng&rft_pqid=,,Apollo,1925,,United Kingdom,"London, United Kingdom",,GB/Irlande,,,,,,
Modernist magazines pas de manifeste/PDF,https://modernistmagazines.org/british/the-new-coterie/,,The New Coterie,1925,1927,United Kingdom,"London, United Kingdom",London,GB/Irlande,Russell Green (?) No masthead was published listing editors,6,,,,
,,,New Yorker,1925,,USA,"New York, USA",New York,United States,,,,,,
,,,Open Vistas,1925,1925,USA,"New York, USA",New York,United States,,,,,,
,,,The Calendar of Modern Letter,1925,1927,,,,,,,,,,
,,,Helice,1926,1926,Equateur,"Quito, Equateur",Quito,Latin America,,,,,,
"gallica PDF (1926-1940, 1945, 1947-1949)",https://gallica.bnf.fr/ark:/12148/cb344142726/date.r=,,Cahiers d'art,1926,1960,France,"Paris, France",Paris,Paris,Christian Zervos,97,,,,
,,,Favorables Paris Poema,1926,1926,France,"Paris, France",Paris,Paris,Juan Larrea et César Vallejo,2,,,,
,https://monoskop.org/Dokumentum,,Dokumentum,1926,1927,Hungary,"Budapest, Hungary",Budapest,Central Europe,L. Kassak,,,,,
numérisation 1926 - 1930,https://digital.iai.spk-berlin.de/viewer/toc/812949153/0/LOG_0000/,,Amauta,1926,,Peru,"Lima, Perou",Lima,Latin America,José Mariategui,,,,,
,https://monoskop.org/Praesens,,Praesens,1926,1930,Poland,"varsovie, Poland",varsovie,Central Europe,Szymon Syrkus ? Henryk stazewski,2,remplace Blok,Pologne,,
,,,Korunk,1926,1927,Romania,"Cluj-Napoca, Romania",Cluj-Napoca,Central Europe,L. Dienes,,Kolozsvar,,,
,https://arca.bnc.cat/arcabib_pro/ca/publicaciones/numeros_por_mes.do?idPublicacion=133,,L'Amic de les Arts,1926,1929,Spain,"Sitges, Spain",Sitges,Spain,Josep Carbonell,31,,,,
,,,Ray,1926,1927,United Kingdom,"London, United Kingdom",London,GB/Irlande,Sidney Hunt,,,,,
,,,American Parade,1926,1926,USA,"New York, USA",New York,United States,,,,,,
Modernist magazines pas de manifeste/PDF,https://modernistmagazines.org/american/fire/,,Fire!!,1926,1926,USA,"New York, USA",New York,United States,Wallace Thurman,1,,,,
,,,Fronta,1927,1927,Czech Republic,"Brno, Czech Republic",Brno,Central Europe,"F. Halas, Ve. Prussa, Zd. Rossmann, B. Vaclavek",,,,,
,https://monoskop.org/Horizont,,Horizont,1927,1929,Czech Republic,"Brno, Czech Republic",Brno,Central Europe,"J.B. Surcek, J. Kroha",,,,,
,https://monoskop.org/ReD,,ReD [Revue Devetsil],1927,1931,Czech Republic,"Prague, Czech Republic",Prague,Central Europe,Karel Teige,3,Tchécoslovaquie,,,
,,,Documents internationaux de l'Esprit nouveau,1927,1927,France,"Paris, France",Paris,Paris,"Paul Dermée, Michel Seuphor, Enrico Prampolini, Robert Rist (publicité)",,,,,
,,,Le Forum,1927,1927,France,"Paris, France",Paris,Paris,"Jacques Reboul, René Dioune, Roger Para",1,,,,
"Modernist magazines pas de manifeste/PDF 
Gallica PDF(1927-1930, 1938)","https://modernistmagazines.org/european/transition/
https://gallica.bnf.fr/ark:/12148/cb328797802/date.r=",,Transition,1927,1938,France,"Paris, France",Paris,Paris,Eugene Jolas,27,,,,
,"https://polona.pl/search/?query=title:Dzwignia&filters=category:serials,public:1,hasTextContent:0&advanced=1",,Dzwignia,1927,1928,Poland,"Varsovie, Poland",Varsovie,Central Europe,"M. Szczuka, T. Zarnover, Wandurski",,Pologne,,,
,https://monoskop.org/LEF,,Novy LEF,1927,1929,Russia,"Moscow, Russia",Moscow,Russie,,,,,,
,https://www.dlib.si/details/URN%3aNBN%3aSI%3aspr-XUIH3LWU,,Tank,1927,1927,Slovenia,"Ljubjana, Slovenia",Ljubjana,Central Europe,F. Delak,,,,,
,,,La Nova Revista,1927,1929,Spain,"Barcelona, Spain",Barcelona,Spain,Josep Maria Junoy,,,,,
"Modernist magazines pas de manifeste/PDF
Modernistmagazines 1928-1929
Lantern 1927-1933","https://modernistmagazines.org/british/close-up/
http://www.modernistmagazines.com/magazine_viewer.php?curPage=0&SHOWMAX=10000&gallery=Close%20Up
http://lantern.mediahist.org/?f%5Btitle%5D%5B%5D=Close+Up&q=close+up",,Close Up,1927,1933,Switzerland,"Territet, Switzerland",Territet,Bel-NL-Suisse,Kenneth McPherson,,"London, England: Sep. 1928 – Dec. 1933 (3:3 – 10:4)","Territet, Switzerland: Jan. 1927 – Dec. 1930",,
,,,The Exile,1927,1928,Switzerland,"Rapallo, Zwitzerland",Rapallo,Bel-NL-Suisse,,,,,,
"Modernist magazines pas de manifeste/PDF
modernistmagazines 1929, n°3","https://modernistmagazines.org/british/the-enemy/
http://modernistmagazines.com/magazine_viewer.php?gallery_id=64",,The Enemy,1927,1929,United Kingdom,"London, United Kingdom",London,GB/Irlande,Wyndham Lewis,,,,,
,,,Prairie Schooner,1927,2014,USA,"Lincoln, NE, USA","Lincoln, Nebraska",United States,,,,,,
Modernist magazines pas de manifeste/PDF,https://modernistmagazines.org/american/the-hound-horn/,,The Hound And Horn,1927,1934,USA,"Portland, ME, USA","Portland, Maine",United States,"Lincoln Kirstein, Varian Fry…",,,,,
,,,The New Cow,1927,1927,USA,"New York, USA",New York,United States,,,,,,
,,,Westward,1927,1934,USA,"San Francisco, CA, USA","San Francisco, California",United States,,,,,,
Accès avec identifiant universitaire ULB,http://digitheque.ulb.ac.be/fr/digitheque-revues-litteraires-belges/periodiques-numerises/index.html#c11384,,Distances,1928,1928,Belgium,"Brussels, Belgium",Brussels,Bel-NL-Suisse,,,,,,
,,,Variétés,1928,1930,Belgium,"Brussels, Belgium",Brussels,Bel-NL-Suisse,Paul-Gustave Van Hecke,2,hors série,,,
1928,https://monoskop.org/Discontinuit%C3%A9,,Discontinuité,1928,1928,France,"Paris, France",Paris,Paris,,,,,,
"gallica PDF (1918 n°1, n°2)",https://gallica.bnf.fr/ark:/12148/cb32702981n/date.item,,Les arts à Paris,1928,1935,France,"Paris, France",Paris,Paris,"Paul Guillaume, Jos Hessel",21,,,,
,http://dspace.bcucluj.ro/browse?type=title&sort_by=1&order=DESC&rpp=100&etal=-1&starts_with=Unu,,Unu,1928,1932,Romania,"Bucarest, Romania",Bucarest,Central Europe,??? Vérifier ville,,,,,
,,,Experiment,1928,1930,United Kingdom,"Cambridge, United Kingdom",Cambridge,GB/Irlande,,,,,,
"1928, n°2
1932, n°44","http://modernistmagazines.com/magazine_viewer.php?gallery_id=257
http://modernistmagazines.com/magazine_viewer.php?gallery_id=258",,Life and Letters,1928,1935,United Kingdom,"London, United Kingdom",London,GB/Irlande,,,,,,
,,,The Venture,1928,1930,United Kingdom,"Cambridge, United Kingdom",Cambridge,GB/Irlande,,,,,,
,,,Gynoscope,1928,1930,USA,"Palo Alto, CA, USA","Palo Alto, California",United States,,,,,,
,,,Harlem,1928,1928,USA,"New York, USA",New York,United States,,,,,,
,,,Troubadour,1928,1932,USA,"San Diego, CA, USA","San Diego, California",United States,Whiteley Gray,,,,,
,,,Art contemporain,1929,1930,France,"Paris, France",Paris,Paris,Jean Brzekowski,3,abstraction géométrique. Galerie Zak,,,
"gallica PDF (1929-1930, 1934)",https://gallica.bnf.fr/ark:/12148/cb34421975n/date.r=#,,Documents,1929,1930,France,"Paris, France",Paris,Paris,Georges Bataille,15,,"Repris ensuite en fév 1933, mars 1934, 1939 donc 3 numéros de plus",,
,https://gallica.bnf.fr/ark:/12148/cb327765782/date.r=,,formes,1929,1933,France,"Paris, France",Paris,Paris,Ed. les Quatre Chemins,34,"S. Fukushima, directeur; Waldemar George, directeur artistique",,,
,https://monoskop.org/L%27Art_Contemporain_-_Sztuka_Wsp%C3%B3%C5%82czesna,,L'Art contemporain - Sztuka Wspolczesna,1929,,France,"Paris, France",Paris,,,,,,,
,,,Les Feuillets inutiles,1929,1980,France,"Paris, France",Paris,Paris,,,,,,
,https://gallica.bnf.fr/ark:/12148/cb34400604n/date.r=,,Paris-Montparnasse,1929,1933,France,"Paris, France",Paris,Paris,"Henri Broca, Pierre Hérault.",,,,,
Modernist magazines pas de manifeste/PDF,https://modernistmagazines.org/european/tambour/,,Tambour,1929,1930,France,"Paris, France",Paris,Paris,Howard J Salemson,8,,,,
,,,Korunk II,1929,1940,Romania,"Cluj-Napoca, Romania",Cluj-Napoca,Central Europe,G. Gaàl,,,,,
,https://arca.bnc.cat/arcabib_pro/ca/publicaciones/numeros_por_mes.do?idPublicacion=223,,Hèlix,1929,1930,Spain,"Vilafranca del Penedès, Spain",Vilafranca del Penedès,Spain,,10,,,,
Arca (1929-1937),https://arca.bnc.cat/arcabib_pro/ca/publicaciones/numeros_por_mes.do?idPublicacion=249,,"Mirador : Agenda de littérature, d'art et de politique",1929,,Spain,"Barcelona, Spain",Barcelona,Spain,Amadeu et Victor Hurtado,404,,,,
,,,Blues,1929,1930,USA,"Columbus, MS, USA","Columbus, Mississipi",United States,,,,,,
,,,the Morada,1929,1930,USA,"Albuquerque, NM, USA","Albuquerque, New Mexico",United States,revue universitaire,,,,,
,https://monoskop.org/Art_concret,,Art concret,1930,1930,France,"Paris, France",Paris,Paris,"Carlsund, VD, Hélion, Tutundjan, Wantz",1,,,,
,,,Cercle et Carré,1930,1930,France,"Paris, France",Paris,Paris,Michel Seuphor,3,,,,
,,,Le Surréalisme au service de la Révolution,1930,1933,France,"Paris, France",Paris,Paris,Breton,6,,,,
,,,Full Grocs,1930,,Spain,"Barcelona, Spain",Barcelona,Spain,"Gasch, Diaz-Plaja et Montanyà",1,,,,
"1932, n°1",http://modernistmagazines.com/magazine_viewer.php?gallery_id=292,,The Modern Scot,1930,1936,United Kingdom,"St Andrews, United Kingdom",St Andrews,GB/Irlande,,,,,,
,,,Pagany,1930,1933,USA,"New York, USA",New York,United States,,,,,,
,,,Vanguardia,1931,1931,Equateur,"Quito, Equateur",Quito,Latin America,,,,,,
,,,"A. C., Documentos de actividad contemporanea",1931,1937,Spain,"Barcelona, Spain",Barcelona,Spain,,25,,,,
Modernist magazines pas de manifeste/PDF,https://modernistmagazines.org/american/contempo/,,Contempo,1931,1934,USA,"Chapel Hill, NC, USA","Chapel Hill, North Carolina",United States,Milton Avant “Ab” Abernethy (1931 – 1934),,,,,
,,,New Mexico Quarterly,1931,1969,USA,"Albuquerque, NM, USA","Albuquerque, New Mexico",United States,,,,,,
,,,Smoke,1931,1937,USA,"Providence, RI, USA","Providence, Rhode Island",United States,Browne University,"""university based magazine""",,,,
,https://gallica.bnf.fr/ark:/12148/cb32680959g/date.r=,,Abstraction-Création,1932,1936,France,"Paris, France",Paris,Paris,,5,,,,
,,,Gaceta de Arte,1932,1936,Spain,"Tenerife, Spain",Tenerife,Spain,,,,,,
"1933, n°1",http://modernistmagazines.com/magazine_viewer.php?gallery_id=298,,Scrutiny,1932,1953,United Kingdom,"Cambridge, United Kingdom",Cambridge,GB/Irlande,,,,,,
,,,Contact,1932,1932,USA,"New York, USA",New York,United States,William Carlos Williams,,,,,
,,,14 rue du Dragon,1933,1934,France,"Paris, France",Paris,Paris,Christian Zervos,5,,,,
gallica PDF (1933-1938),https://gallica.bnf.fr/ark:/12148/cb343950177/date.r=,,Minotaure,1933,1939,France,"Paris, France",Paris,Paris,"Albert Skira, Tériade",13,,,,
,https://arca.bnc.cat/arcabib_pro/ca/publicaciones/numeros_por_mes.do?idPublicacion=140,,Art : revista internacional de les arts,1933,1934,Spain,"Lérida, Spain",Lérida,Spain,Enric Crous Vidal,10,,,,
,,,Cambridge Left,1933,1934,United Kingdom,"Cambridge, United Kingdom",Cambridge,GB/Irlande,,,,,,
Modernist magazines pas de manifeste/PDF,https://modernistmagazines.org/american/the-anvil/,,Anvil,1933,1935,USA,"Moberly, MO, USA","Moberly, Missouri",United States,Jack Conroy,,,,,
internet archive PDF,https://archive.org/search.php?query=title%3A%28%22Esquire%22%29&and%5B%5D=mediatype%3A%22texts%22&and%5B%5D=subject%3A%22Esquire+Magazine%22&sort=date,,Esquire,1933,,USA,"Chicago, IL, USA","Chicago, Illinois",United States,,,"gd succès, écrits de grds auteurs modernistes mais pas expérimentaux, plutôt pour se faire connaître et valoir; xénophobie, racisme, misogynie",,,
,,,Documents 34,1934,,Belgium,"Brussels, Belgium",Brussels,Bel-NL-Suisse,,,,,,
,,,L'Artiste,1934,1934,France,"Paris, France",Paris,Paris,Louis Vauxcelles,,,,,
"1936, n°10",http://modernistmagazines.com/magazine_viewer.php?gallery_id=256,,Left Review,1934,1938,United Kingdom,"London, United Kingdom",London,GB/Irlande,,,,,,
,,,The European Quarterly,1934,1935,,,,,,,,,,
,https://gallica.bnf.fr/ark:/12148/cb32711563k/date.r=,,La Bête noire,1935,1936,France,"Paris, France",Paris,Paris,"Maurice Raynal, Emile Tériade",8,,,,
,https://gallica.bnf.fr/ark:/12148/cb328567849/date.r=,,Revue d'art et d'esthétique,1935,1935,France,"Paris, France",Paris,Paris,,,,,,
"Modernist magazines pas de manifeste/PDF
internet archive PDF","https://modernistmagazines.org/american/the-southern-review/
https://archive.org/details/southernreview00loui",,The Southern Review,1935,1942,USA,"Bâton Rouge, LA, USA","Bâton Rouge, Louisiana",United States,Charles W. Pipkin,,,,,
,,,Epilogue,1935,1937,,,,,,,,,,
,,,Focus,1935,1935,,,,,,,,,,
1936,https://monoskop.org/Telehor,,Telehor,1936,1936,Czech Republic,"Brno, Czech Republic",Brno,Central Europe,,,,,,
,,,Le Courrier graphique,1936,1962,France,"Paris, France",Paris,Paris,,,,,,
"1936, No. 3",http://modernistmagazines.com/magazine_viewer.php?gallery_id=34,,Contemporary Poetry and Prose,1936,1937,United Kingdom,"London, United Kingdom",London,GB/Irlande,,Surréaliste,,,,
"1937, IV",http://modernistmagazines.com/magazine_viewer.php?gallery_id=278,,New Writing,1936,1940,United Kingdom,"London, United Kingdom",London,GB/Irlande,,,,,,
,,,Outlook,1936,1937,United Kingdom,"Edinburgh, United Kingdom",Edinburgh,GB/Irlande,localisation certaine = écosse,,,,,
,,,Ireland To-Day,1936,1938,,,,GB/Irlande,,,,,,
,https://monoskop.org/Ac%C3%A9phale,,Acéphale,1937,,France,"Paris, France",Paris,Paris,"Bataille, Masson",,,,,
,,,Plastique Plastic,1937,1939,France,"Paris, France",Paris,Paris,C. Domela. Madame Arp. S. H. Taueber.,5,,,,
,,,Verve,1937,1960,France,"Paris, France",Paris,Paris,Emile Tériade etc.,38,,,,
"1933, n°1-n°7, n°17-n°22,n°24-n°29",http://modernistmagazines.com/magazine_viewer.php?gallery=New%20Verse,,New verse,1937,1939,United Kingdom,"London, United Kingdom",,GB/Irlande,,,,,,
,,,Intermountain Review,1937,1965,USA,", UH, USA",", Utah",United States,,,,,,
,,,Wales,1937,1939,,,,,,,,,,
,,,London Bulletin,1938,1940,United Kingdom,"London, United Kingdom",London,GB/Irlande,,Surréaliste,,,,
,,,The Voice of Scotland,1938,1945,United Kingdom,"Edinburgh, United Kingdom",Edinburgh,GB/Irlande,,,,,,
,,,Poetry and the People,1938,1940,,,,,,,,,,
,,,Clé - bulletin mensuel de la FIARI (Fédération internationale de l'art révolutionnaire indépendant),1939,1939,France,"Paris, France",Paris,Paris,"Yves Allégret, André Breton, Michel Collinet, Jean Giono, Maurice Heine, Pierre Mabille, Marcel Martinet, André Masson, Henry Poulaille, Gérard Rosenthal, Maurice Wullens, Maurice Nadeau.",2,,,,
"est-ce la bonne revue ? 1939, 1944-2012",https://gallica.bnf.fr/ark:/12148/cb34348981h/date.r=,,La Pensée,1939,2012,France,"Paris, France",Paris ,Paris ,,,,,,
,,,Formes et couleurs,1939,,Swizzerland,"Lausanne, Swizzerland",Lausanne,Bel-NL-Suisse,,,,,,
,,,Poetry London,1939,1951,United Kingdom,"London, United Kingdom",London,GB/Irlande,,,,,,
"1939, n°1",http://modernistmagazines.com/magazine_viewer.php?gallery_id=300,,The Welsh Review,1939,1940,United Kingdom,"Cardiff, United Kingdom",Cardiff,GB/Irlande,,,,,,
est-ce la bonne revue ? 1945,https://www.retronews.fr/search/#sort=score&publishedBounds=from&indexedBounds=from&tfPublicationsOr%5B0%5D=Fontaine&page=1&searchIn=article,,Fontaine,1939,1947,,"Alger, ",Alger,,,,,,,
,,,Prométhée,1939,1940,,,,,,,,,,
"1941, n°1",http://modernistmagazines.com/magazine_viewer.php?gallery_id=282,,The Bell,1940,1954,Ireland,"Dublin, Ireland",Dublin,GB/Irlande,,,,,,
,,,Horizon,1940,1950,United Kingdom,"London, United Kingdom",London,GB/Irlande,,,,,,
1942,http://modernistmagazines.com/magazine_viewer.php?gallery_id=254,,Indian Writing,1940,1942,United Kingdom,"London, United Kingdom",London,GB/Irlande,,,,,,
,,,American Artist,1940,,USA,", USA",,United States,,,,,,
,,,View,1940,1947,USA,"New York, USA",New York,United States,,,,,,
,,,Helhesten,1941,1944,Denmark,,,Scandinavia,Asger Jorn notamment,,,,,
Modernist magazines pas de manifeste/PDF,https://modernistmagazines.org/american/decision/,,Decision,1941,1942,USA,"New York, USA",New York,United States,Klaus Mann,,,,,
,,,Collge Art Journal,1941,1960,,,,,,,,,,
"est-ce la bonne revue ? 1942, 1944",https://gallica.bnf.fr/ark:/12148/cb344301920/date.r=#resultat-id-1,,Méridiens,1942,1944,France,"Rodez, France",Rodez (lieu d'édition),France hors Paris,,,,,,
,,,VVV,1942,1944,USA,"New York, USA",New York,United States,,,,,,
,,,Arson : an Ardent Review,1942,1942,,,,,,Surréaliste,,,,
,,,"Imagen. Revista oficial de la Escuela de Belllas Artes, Universidada Nacional de La Plata",1944,,Argentina,"La Plata, Argentina",La Plata,Latin America,,,,,,
,,,Arts et Livres,1944,1948,France,"Marseille, France",Marseille,France hors Paris,,,,,,
,,,Le Spectateur des Arts,1944,1944,France,"Paris, France",Paris,Paris,"René Drouin en décembre 1944, avec la participation de Georges Limbour et Jean Paulhan",,,,,
,,,"Abstrakt/konkret : Bulletin der Galerie des Eaux-Vives, Zürich",1944,1945,Swizzerland,"Zürich, Swizzerland",Zurich,Bel-NL-Suisse,,,,,,
,,,Scottish Art and Letters,1944,1950,United Kingdom,"Edinburgh, United Kingdom",Edinburgh,GB/Irlande,,,,,,
,,,Art présent,1945,1950,France,"Paris, France",Paris,Paris,,,,,,
,,,Les Quatre Vents,1945,1947,France,"Paris, France",Paris,Paris,Surréalistes?,,,,,
,,,Temps modernes,1945,1965,France,"Paris, France",Paris,Paris,JP Sartre,,,,,
,,,Arts de France,1945,1951,,,,,,http://www.revues-litteraires.com/articles.php?lng=fr&pg=3524,,,,
,,,France Illustration. Le Monde illustré,1945,1950,,,,,,,,,,
,,,Derrière le Miroir,1946,1982,France,"Paris, France",Paris,Paris,Galerie Maeght,,,,,
,,,L'Art Brut,1947,1947,France,"Paris, France",Paris,Paris,,,,,,
,,,Les Arts en province,1947,1948,France,"Alès, France",Alès,France hors Paris,,,,,,
,,,Possibilities,1947,1947,USA,"New York, USA",New York,United States,"Robert Motherwell, Harold Rosenberg, John Cage, Pierre Chareau",,,,,
,,,Tiger's Eye,1947,?,USA,"New York, USA",New York,United States,XA,,,,,
,,,Ver y Estimar,1948,1955,Argentina,"Buenos Aires, Argentina",Buenos Aires,Latin America,Jorge Romero Brest,,,,,
,,,Cahiers pour l'Art,1948,1948,France,"Paris, France",Paris,Paris,,,,,,
,,,Le S.R.,1948,,France,"Bruxelles, Belgium",Bruxelles,,"1 numéro - Noël Arnaud, René Passeron, Édouard Jauger, Jean Laude",,,,,
,,,Le surréalisme révolutionnaire,1948,1948,France,"Paris, France",Paris ,Paris ,,,,,,
,,,Neon,1948,1949,France,"Paris, France",Paris,Paris,"André Breton et compagnie : Sarane Alexandrian, né à Bagdad en 1927, et l’artiste tchèque récemment installé à Paris Jindrich – bientôt Henri –7 Heisler",,,,,
https://arca.bnc.cat/arcabib_pro/ca/consulta/exportar_registro.do?tipoRegistros=BIB&id=2085&formato=ficha&destino=..%2Fconsulta%2Fbusqueda_referencia.do%3FidValor%3D699%26id%3D9770%26forma%3Dficha%26posicion%3D1&exportar=Exportar,https://arca.bnc.cat/arcabib_pro/ca/consulta/busqueda_referencia.do?idValor=699&id=9770&forma=ficha&posicion=1,,Dau al Set,1948,1956,Spain,"Barcelona, Spain",Barcelona,Spain,,,,,,
,,,Cobra,1948,1951,,,,Bruxelles?,,https://fr.wikipedia.org/wiki/Cobra_%28revue%29,,,,
,,,Critique,1948,,,,,Paris,Geroges Bataille,,,,,
,,,Revue d'esthétique,1948,1974,,,,,,,,,,
,,,Art d'aujourd'hui,1949,??,France,"Paris, France",Paris,Paris,André Bloc,,,,,
payant ,https://artreview.com/,,ArtReview,1949,,United Kingdom,"London, United Kingdom",London,GB/Irlande,,,,,,
,,,Pour l'Art,1949,1963,,Lausanne-Paris,,,,,,,,
,,,Cimaise,1952,1963,France,"Paris, France",Paris,Paris,Charles Estienne; galerie Arnaud,,,,,
,,,L'Internationale lettriste,1952,,France,"Paris, France",Paris,Paris,,,,,,
,,,Aperture,1952,,USA,"New York, USA",New York,United States,,,,,,
,,,Medium : Communication surréaliste,1953,1955,France,"Paris, France",Paris,Paris,Surréalistes,,,,,
,,,Jardin des Arts,1954,1973,France,"Paris, France",Paris,Paris,,,,,,
,,,Phases. Cahiers internationaux de documentation. plastique,1954,1961,France,"Paris, France",Paris,Paris,"Paul Fachetti, Edouard Jaguer",,,,,
,,,L'Œil,1955,,,Lausanne-Paris,,,,,,,,
,,,Art International,1956,1984,France,"Paris, France",Paris,Paris,,,,,,
,,,"Le Surréalisme, même",1956,1959,France,"Paris, France",Paris,Paris,,,,,,
,,,Plus +,1957,1960,,,,,,,,,,
,,,Boa,1958,,Argentina,", Argentina",,Latin America,Julio Llinás,,,,,
,,,Bief : jonction surréaliste,1958,,France,"Paris, France",Paris,Paris,,,,,,
,,,X,1959,1962,United Kingdom,"London, United Kingdom",London,GB/Irlande,,,,,,
,,,Communication Arts,1959,,USA,"Menlo Park, CA, USA","Menlo Park, California",United States,,,,,,
,,,Azimuth,1959,1960,,,,,,,,,,
,,,Caprice,1961,1961,France,"Nice, France",Paris,Paris,,,,,,
,,,Figures,1961,1961,,Paris et New York,,,,,,,,
,,,Identités,1962,1966,France,"Nice, France",Paris,Paris,,,,,,
,,,Paroles peintes,1962,1976,France,"Paris, France",Paris,Paris,,,,,,
,,,Artforum,1962,,USA,"San Francisco puis New York, USA",New York,United States,,,,,,
,,,Studio International,1963,,,,,,??? Reprise (étudier),,,,,
,,,Open,1967,1968,France,"Nice, France",Nice,France hors Paris,,,,,,
,,,regards sur la Peinture contemporaine,1967,1971,France,"Paris, France",Paris,Paris,,,,,,
,,,Chorus,1968,1974,France,"Paris, France",Paris,Paris,,,,,,
,,,Art & Project,1968,1989,Netherlands,", Netherland",,Bel-NL-Suisse,,,,,,
,,,Revue de l'Art,1968,,,,,,,,,,,
,,,Art Press,1972,,France,"Paris, France",Paris,Paris,,,,,,
,,,Afterimage,1972,,USA,"New York, USA",New York,United States,Visual Studies Workshop,,,,,
,,,American Art Review,1973,1978,USA,"Stratham, NH, USA","Stratham, New Hampshire",United States,,,,,,
,,,New Art Examiner,1973,2002,USA,"Chicago, IL, USA","Chicago, Illinois",United States,,,,,,
,,,L'immédiate,1974,1981,France,"Paris, France",Paris,Paris,,,,,,
,,,Art présent,1975,1981,France,"Paris, France",Paris,Paris,,,,,,
Bodleian (1996-2000) besoin d'un identifiant University of Oxford,"http://solo.bodleian.ox.ac.uk/primo-explore/fulldisplay?docid=oxfaleph017867881&context=L&vid=SOLO&lang=en_US&search_scope=LSCOP_ALL&adaptor=Local%20Search%20Engine&tab=local&query=title,contains,Art%20Monthly,AND&mode=advanced&pfilter=pfilter,exact,journals,AND&offset=0",,Art Monthly,1976,,United Kingdom,London?,,GB/Irlande,,,,,,
,,,Le Fou parle,1977,1984,,,,,,,,,,
,,,Métiers d'art,1977,1997,,,,,,,,,,
,,,Dialogue,1978,2002,USA,", OH, USA",", Ohio",United States,,,,,,
,,,High Performance Magazine,1978,1997,,,,,,,,,,
,,,Cahiers du Mnam,1979,,France,"Paris, France",Paris,Paris,,,,,,
,,,Portfolio Magazine,1979,1983,,,,,,,,,,
payant ,https://www.artlink.com.au/issues/past/,,Artlink,1981,,Australia,", Australia",,Australia,,,,,,
,,,BOMB Magazine,1981,,USA,"New York, USA",New York,United States,,,,,,
,,,Nictoglobe,1982,,,,,,,,,,,
"Bodleian (1984 vol.1, n°1) besoin d'un identifiant University of Oxford / accès jusu'au 30/06/20 / full text",http://oxfordsfx-direct.hosted.exlibrisgroup.com/oxford?ctx_ver=Z39.88-2004&ctx_enc=info:ofi/enc:UTF-8&ctx_tim=2020-04-20T09%3A37%3A02IST&url_ver=Z39.88-2004&url_ctx_fmt=infofi/fmt:kev:mtx:ctx&rfr_id=info:sid/primo.exlibrisgroup.com:primo3-Journal-oxfaleph&rft_val_fmt=info:ofi/fmt:kev:mtx:journal&rft.genre=&rft.atitle=&rft.jtitle=Print%20quarterly&rft.btitle=&rft.aulast=&rft.auinit=&rft.auinit1=&rft.auinitm=&rft.ausuffix=&rft.au=&rft.aucorp=&rft.volume=&rft.issue=&rft.part=&rft.quarter=&rft.ssn=&rft.spage=&rft.epage=&rft.pages=&rft.artnum=&rft.issn=0265-8305&rft.eissn=&rft.isbn=&rft.sici=&rft.coden=&rft_id=info:doi/&rft.object_id=954925499108&svc_val_fmt=info:ofi/fmt:kev:mtx:sch_svc&svc.fulltext=yes&rft_bat=%3Coxfaleph%3E021899484%3C/oxfaleph%3E&rft.eisbn=&rft_id=info:oai/&rft_id=http%3A%2F%2Fsolo.bodleian.ox.ac.uk%2Fprimo_library%2Flibweb%2Faction%2Fdisplay.do%3Fdoc%3Doxfaleph021899484%26vid%3DOXVU1%26fn%3Ddisplay%26displayMode%3Dfull&req.language=eng&rft_pqid=,,Print Quaterly,1984,,United Kingdom,"London, United Kingdom",London,GB/Irlande,,,,,,
,,,The Art Newspaper,1984,,,,,,,,,,,
,,,Artstudio,1986,1992,France,"Paris, France",Paris,Paris,,,,,,
,,,Professional Artist,1986,,USA,", USA",,United States,,,,,,
,,,Aesthetica,2002,,United Kingdom,"London, United Kingdom",London,GB/Irlande,,,,,,
,,,"20x20 magazine, arts an literature",2008,,United Kingdom,"London, United Kingdom",London,GB/Irlande,,,,,,
,,,ARC Magazine,2011,,Saint Vincent and the Grenadines,"Bequia, Saint Vincent and the Grenadines",Bequia,,,,,,,
,,,Das Bordell,??,,,",",,,,,,,,
,,,La Vanguardia,1885 ????,,Spain,"Barcelona, Spain",Barcelona,Spain,,,,,,
,,,La Construction moderne,1896?,,,"Paris ?,",Paris ?,France hors Paris,,,,,,
,,,L’Invention collective,1940?,,Belgium,", Belgium",Brussels ?,Bel-NL-Suisse,Raoul Ubac,,,,,
,,,Reflex,Reflex,1949,Netherlands,", Netherland",,Bel-NL-Suisse,"Karel Appel, Constant Nieuwenhuis dit Constant et Cornelis Van Beverloo",,,,,
,,,Reptile,,,Argentina,", Argentina",,Latin America,Julio Llinás,,,,,
,,,Edda,,,Belgium,", Belgium",,Bel-NL-Suisse,,,,,,
,,,L'Œuf philosophique,,,Canada,,,,,,,,,
,,,Sarabeaus,,,Canada,,,,,,,,,
,,,Lilien,,,Denmark,,,Scandinavia,,,,,,
,,,Ellébore,,,France,,,,,,,,,
Est-ce la bonne revue ? Gallica (1905-1906),https://gallica.bnf.fr/ark:/12148/cb32889152c/date.r=,,La Vie moderne,,,France,"Paris, France",Paris,Paris,,,,,,
,,,META,,,Germany,", Germany",,Germany,,,,,,
,,,Documento Sud,,,Italy,", Italy",,Italy,,,,,,
,,,Il Gesto,,,Italy,", Italy",,Italy,,,,,,
,,,L'esperienza moderna,,,Italy,", Italy",,Italy,,,,,,
,,,Droomschaar,,,Netherland,", Netherland",,Bel-NL-Suisse,,,,,,
,,,De Realist,,,Netherlands,", Netherland",,Bel-NL-Suisse,,,,,,
,,,Dunganon,,,Sweden,,,Scandinavia,,,,,,
,,,Kalejdoskop,,,Sweden,,,Scandinavia,,,,,,
,,,Salamander,,,Sweden,,,Scandinavia,,,,,,
payant,https://artreview.com/magazine/,,"ArtReview, est. 1949, international contemporary art magazine, based in London",,,United Kingdom,"London, United Kingdom",London,GB/Irlande,,,,,,
,,,Chrome,,,United Kingdom,", United Kingdom",,GB/Irlande,,,,,,
,,,Melmoth,,,United Kingdom,", United Kingdom",,GB/Irlande,,,,,,
,,,Bowwereld,,,,",",,,,,,,,
,,,bowwereld,,,,",",,,,,,,,
,,,Cro na bela,,,,",",,,,,,,,
,,,Daimon,,,,",",,,,,,,,
,,,Das Flugblatt,,,,",",,,,,,,,
,,,Das hohe Ufer,,,,",",,,,,,,,
,,,Das junge Deutschland,,,,",",,Germany,,,,,,
,,,Das neue Pathos,,,,",",,,,,,,,
,,,Das neue Rheinland,,,,",",,,,,,,,
,,,Das Tribunal,,,,",",,,,,,,,
,,,Das Ziel,,,,,,,,,,,,
,,,De Driehoek,,,,",",,,,,,,,
,,,De nieuwe Amsterdammer,,,,",",,,,,,,,
,,,De Stroom,,,,",",,,,,,,,
,,,Der Knüppel,,,,",",,,,,,,,
,,,Der Kritiker,,,,",",,,,,,,,
,,,Der Kunsttopf,,,,",",,,,,,,,
,,,Der Mensch,,,,",",,,,,,,,
,,,Der Moloch,,,,",",,,,,,,,
,,,Der Revolutionär,,,,",",,,,,,,,
,,,Der Ruf,,,,",",,,,,,,,
,,,Der Sturmreiter,,,,",",,,,,,,,
,,,Der Weg,,,,",",,,,,,,,
,,,Die junge Kunst,,,,",",,,,,,,,
,,,Die Kugel,,,,",",,,,,,,,
,,,Die Neue Bücherschau,,,,",",,,,,,,,
,,,Die neue Reihe,,,,",",,,,,,,,
,,,Die neue Schaubühne,,,,",",,,,,,,,
,,,Die Rettung,,,,",",,,,,,,,
,,,Die rote Erde,,,,",",,,,,,,,
,,,Document,,,,,,,,,,,,
,,,Éternité,,,,",",,,,,,,,
,,,Fruhlicht,,,,",",,Germany,Bruno Taut,,,,,
,,,Genius,,,,",",,,,,,,,
,,,Harakiri!?,,,,",",,,,,,,,
,,,Het Getij,,,,",",,,,,,,,
,,,Hipnos,,,,",",,,,,,,,
,,,Inquisitions,,,,",",,,,,,,,
,,,Intentions,,,,",",,,,,,,,
,,,Klei,,,,",",,,,,,,,
,,,Kriegszeit Künstlerflugblätter,,,,",",,,,,,,,
,,,L'Action d'art,,,,",",,,,,,,,
,,,La Critique sociale,,,,",",,,,,,,,
,,,La Main à plume,,,,,,,,,,,,
,,,La Revista,,,,",",,Spain,,,,,,
,,,Le Geste,,,,",",,,,,,,,
,,,Le Sens propre,,,,",",,,,,,,,
,,,Les Hommes Nouveaux,,,,",",,,,,,,,
,,,Liceu,,,,",",,,,,,,,
,,,Linien,,,,",",,,,,,,,
,,,Lumière,,,,",",,,,,,,,
,,,Menschen,,,,",",,,,,,,,
,,,Modern Painters,,,,,,,Louise Blouin Media,,,,,
,,,Moderne Kunst,,,,",",,,Joseph Peeters,,,,,
,,,Movimento Nucleare,,,,,,,,,,,,
,,,Neue Erde,,,,",",,,,,,,,
,,,Neue Matter,,,,",",,,,,,,,
,,,Neue Menschen,,,,",",,,,,,,,
,,,NG November Gruppe,,,,",",,,,,,,,
,,,Niew Leven,,,,",",,,,,,,,
,,,Phaeton,,,,",",,,,,,,,
,,,Presse Hauptquartier,,,,",",,,,,,,,
,,,Quartiere Latino [full text],,,,",",,,,,,,,
,,,Que,,,,",",,,,,,,,
,,,Que,,,,,,Amérique latine??,surréalistes hispanophones : Aldo Pellegrini,,,,,
,,,Revoluzzer,,,,",",,,,,,,,
,,,Rixes,,,,,,,,,,,,
,,,Ruimte,,,,",",,,,,,,,
,,,Saturn,,,,,,,,,,,,
,,,Signaux de France et de Belgique,,,,",",,,,,,,,
,,,Staatsgevaarlik,,,,",",,,,,,,,
,,,Stupid,,,,",",,,,,,,,
,,,Süddeutsche Freiheit,,,,",",,,,,,,,
,,,Sur,,,,",",,,,,,,,
,,,Svedotchnstva,,,,",",,,,,,,,
,,,TNT,,,,",",,,,,,,,
,,,Tribüne der Kunst und Zeit,,,,",",,,,,,,,
,,,Uj Föld,,,,",",,,,,,,,
,,,Umsturz und Aufbau,,,,",",,,,,,,,
,,,Zero,,,,,,,,,,,,
,,,Zivot II,,,,,,Central Europe,,,Tchécoslovaquie,,,
,,,Zodiaque,,,,",",,,,,,,,